Wavelength (nm),% Transmission
200,87.428395
201,87.777818
202,88.083302
203,88.344465
204,88.634732
205,88.901925
206,89.09737
207,89.336847
208,89.529248
209,89.623264
210,89.787136
211,89.901452
212,90.015612
213,90.112509
214,90.201648
215,90.2305
216,90.302287
217,90.350763
218,90.356066
219,90.40095
220,90.413868
221,90.380985
222,90.471053
223,90.485442
224,90.48172
225,90.540604
226,90.558601
227,90.524582
228,90.57682
229,90.616899
230,90.606801
231,90.71046
232,90.728593
233,90.755718
234,90.830785
235,90.917611
236,90.964132
237,91.063121
238,91.154713
239,91.174584
240,91.286859
241,91.365442
242,91.411453
243,91.493498
244,91.572484
245,91.589587
246,91.683514
247,91.778631
248,91.775769
249,91.831122
250,91.901644
251,91.879049
252,91.983943
253,91.984215
254,91.993675
255,92.016062
256,92.077478
257,92.055295
258,92.08649
259,92.128821
260,92.09136
261,92.158473
262,92.176652
263,92.159891
264,92.205478
265,92.21954
266,92.200272
267,92.258375
268,92.283662
269,92.250702
270,92.319169
271,92.322668
272,92.293229
273,92.358117
274,92.372565
275,92.327817
276,92.392167
277,92.42233
278,92.397149
279,92.480194
280,92.461628
281,92.465564
282,92.538419
283,92.555452
284,92.546595
285,92.618036
286,92.659105
287,92.598317
288,92.684379
289,92.70907
290,92.744946
291,92.740247
292,92.74825
293,92.736305
294,92.807175
295,92.843824
296,92.838507
297,92.862038
298,92.882377
299,92.831965
300,92.920569
301,92.9463
302,92.933972
303,92.956941
304,92.951695
305,92.976807
306,92.964049
307,92.993204
308,92.977378
309,93.02356
310,93.035187
311,92.957512
312,93.019274
313,93.052969
314,93.026734
315,93.079327
316,93.089403
317,93.035384
318,93.093754
319,93.022103
320,93.008549
321,93.06984
322,93.041035
323,93.013565
324,93.05904
325,93.087054
326,93.035323
327,93.105231
328,93.133145
329,93.061006
330,93.100994
331,93.11431
332,93.08675
333,93.166881
334,93.12062
335,93.095481
336,93.151016
337,93.169781
338,93.149765
339,93.19179
340,93.162726
341,93.144284
342,93.1801
343,93.176188
344,93.160055
345,93.210132
346,93.209643
347,93.179564
348,93.225425
349,93.22398
350,93.204464
351,93.248372
352,93.235872
353,93.196827
354,93.256411
355,93.266846
356,93.232567
357,93.300393
358,93.289028
359,93.222449
360,93.295478
361,93.28308
362,93.274586
363,93.310316
364,93.301007
365,93.260216
366,93.324029
367,93.314336
368,93.307949
369,93.34383
370,93.32341
371,93.302146
372,93.329191
373,93.333362
374,93.334218
375,93.357213
376,93.357629
377,93.352768
378,93.372432
379,93.411585
380,93.371034
381,93.343599
382,93.398019
383,93.39418
384,93.392551
385,93.444052
386,93.424667
387,93.356912
388,93.428044
389,93.428094
390,93.407891
391,93.445481
392,93.418782
393,93.373197
394,93.426977
395,93.43809
396,93.450707
397,93.485706
398,93.44885
399,93.413747
400,93.468975
401,93.446395
402,93.45891
403,93.496915
404,93.470507
405,93.432474
406,93.473202
407,93.465812
408,93.467202
409,93.525209
410,93.464324
411,93.475064
412,93.509799
413,93.499035
414,93.485365
415,93.519445
416,93.485263
417,93.475286
418,93.519155
419,93.527286
420,93.516533
421,93.521581
422,93.503382
423,93.512446
424,93.533911
425,93.516495
426,93.534469
427,93.593106
428,93.548631
429,93.50655
430,93.546563
431,93.53309
432,93.531974
433,93.572264
434,93.542349
435,93.533948
436,93.570117
437,93.551408
438,93.575109
439,93.613111
440,93.571517
441,93.547302
442,93.593186
443,93.570766
444,93.576188
445,93.613951
446,93.587412
447,93.551289
448,93.58092
449,93.577268
450,93.577985
451,93.622795
452,93.588798
453,93.5581
454,93.596413
455,93.588364
456,93.598697
457,93.628399
458,93.598783
459,93.584187
460,93.606927
461,93.596174
462,93.602546
463,93.631574
464,93.592929
465,93.587254
466,93.618347
467,93.604786
468,93.624377
469,93.650958
470,93.60868
471,93.60134
472,93.623696
473,93.599905
474,93.620352
475,93.661705
476,93.62629
477,93.616724
478,93.645281
479,93.625726
480,93.646264
481,93.686873
482,93.653413
483,93.634797
484,93.654728
485,93.631286
486,93.648342
487,93.674858
488,93.636295
489,93.627003
490,93.65542
491,93.639757
492,93.648825
493,93.67579
494,93.637407
495,93.633788
496,93.6679
497,93.658614
498,93.67843
499,93.696113
500,93.649635
501,93.65376
502,93.687292
503,93.669822
504,93.676473
505,93.690143
506,93.651933
507,93.657391
508,93.69556
509,93.675122
510,93.688532
511,93.718033
512,93.677549
513,93.691975
514,93.707935
515,93.680088
516,93.700463
517,93.711714
518,93.685312
519,93.695127
520,93.717229
521,93.695703
522,93.709826
523,93.730061
524,93.68112
525,93.68134
526,93.714924
527,93.693332
528,93.713086
529,93.739865
530,93.697486
531,93.703011
532,93.730864
533,93.706575
534,93.723709
535,93.743155
536,93.707694
537,93.717324
538,93.742755
539,93.712153
540,93.750163
541,93.777145
542,93.713012
543,93.722853
544,93.746728
545,93.716601
546,93.731161
547,93.74281
548,93.713124
549,93.72504
550,93.752762
551,93.736802
552,93.752313
553,93.754301
554,93.709104
555,93.72523
556,93.752683
557,93.71511
558,93.745682
559,93.749225
560,93.711403
561,93.742258
562,93.736044
563,93.743668
564,93.748937
565,93.735239
566,93.784261
567,93.775563
568,93.722221
569,93.753924
570,93.767959
571,93.753135
572,93.780423
573,93.797893
574,93.746618
575,93.758178
576,93.769606
577,93.749342
578,93.787219
579,93.793305
580,93.74473
581,93.758114
582,93.781838
583,93.745872
584,93.806304
585,93.797495
586,93.733061
587,93.759341
588,93.782681
589,93.756365
590,93.805902
591,93.796208
592,93.743942
593,93.767428
594,93.781279
595,93.749272
596,93.784332
597,93.79665
598,93.74762
599,93.762381
600,93.773452
601,93.753317
602,93.819727
603,93.858046
604,93.780012
605,93.796505
606,93.761528
607,93.776136
608,93.816993
609,93.827455
610,93.774206
611,93.77068
612,93.750462
613,93.759022
614,93.802874
615,93.809821
616,93.758679
617,93.819513
618,93.82306
619,93.788716
620,93.842652
621,93.844573
622,93.788757
623,93.808666
624,93.807837
625,93.807906
626,93.835631
627,93.805603
628,93.770614
629,93.822015
630,93.821641
631,93.785417
632,93.853429
633,93.847188
634,93.788105
635,93.836602
636,93.83564
637,93.806779
638,93.833657
639,93.816632
640,93.780418
641,93.807534
642,93.840259
643,93.805071
644,93.830696
645,93.825436
646,93.784821
647,93.83663
648,93.827149
649,93.794074
650,93.838642
651,93.822998
652,93.787487
653,93.833303
654,93.828757
655,93.778063
656,93.847134
657,93.824735
658,93.786044
659,93.821443
660,93.83931
661,93.796671
662,93.853368
663,93.833902
664,93.792197
665,93.837634
666,93.852588
667,93.834543
668,93.885493
669,93.863274
670,93.794386
671,93.851864
672,93.843139
673,93.814418
674,93.864547
675,93.852858
676,93.801713
677,93.838324
678,93.851785
679,93.83649
680,93.859294
681,93.822447
682,93.799251
683,93.851127
684,93.847968
685,93.801862
686,93.880493
687,93.851445
688,93.788603
689,93.84664
690,93.861561
691,93.851792
692,93.848038
693,93.873683
694,93.845075
695,93.844554
696,93.851096
697,93.841401
698,93.892594
699,93.858353
700,93.813124
701,93.868286
702,93.852425
703,93.806696
704,93.864244
705,93.873089
706,93.819306
707,93.878848
708,93.851157
709,93.856176
710,93.872365
711,93.877726
712,93.805149
713,93.839492
714,93.842698
715,93.850781
716,93.892889
717,93.868088
718,93.794773
719,93.858333
720,93.826463
721,93.803842
722,93.870959
723,93.870177
724,93.816341
725,93.829217
726,93.840421
727,93.842442
728,93.862356
729,93.865731
730,93.809972
731,93.857679
732,93.85061
733,93.841365
734,93.865229
735,93.859705
736,93.810753
737,93.870582
738,93.845919
739,93.833614
740,93.890375
741,93.890384
742,93.842124
743,93.869951
744,93.875097
745,93.840886
746,93.893402
747,93.876812
748,93.839246
749,93.868223
750,93.872721
751,93.838485
752,93.889915
753,93.880923
754,93.827783
755,93.879539
756,93.871205
757,93.844153
758,93.891295
759,93.881505
760,93.846084
761,93.870872
762,93.865181
763,93.841572
764,93.894536
765,93.873787
766,93.825838
767,93.857651
768,93.830038
769,93.824893
770,93.878234
771,93.886966
772,93.836038
773,93.86978
774,93.894025
775,93.874002
776,93.901212
777,93.857244
778,93.837813
779,93.875488
780,93.864844
781,93.834687
782,93.872394
783,93.880081
784,93.867976
785,93.889079
786,93.872941
787,93.866027
788,93.871193
789,93.885511
790,93.86144
791,93.862656
792,93.847217
793,93.857979
794,93.880829
795,93.856008
796,93.85289
797,93.868199
798,93.861945
799,93.852508
800,93.875253
801,93.85598
802,93.83262
803,93.882455
804,93.871966
805,93.831726
806,93.882454
807,93.866056
808,93.842484
809,93.877097
810,93.847852
811,93.847624
812,93.867228
813,93.878303
814,93.861946
815,93.891871
816,93.857377
817,93.84356
818,93.881029
819,93.850233
820,93.854958
821,93.8896
822,93.892339
823,93.857265
824,93.847415
825,93.842667
826,93.848267
827,93.869692
828,93.855718
829,93.8467
830,93.863285
831,93.853496
832,93.838009
833,93.813547
834,93.811856
835,93.825722
836,93.818445
837,93.788326
838,93.821195
839,93.868386
840,93.843194
841,93.823034
842,93.825878
843,93.83724
844,93.843544
845,93.853981
846,93.797688
847,93.790027
848,93.854441
849,93.852417
850,93.824347
851,93.819904
852,93.777412
853,93.770562
854,93.791304
855,93.749188
856,93.777804
857,93.831991
858,93.78516
859,93.740713
860,93.951951
861,94.228797
862,94.233702
863,94.250806
864,94.261202
865,94.24557
866,94.243888
867,94.247257
868,94.244621
869,94.246967
870,94.245464
871,94.257133
872,94.25633
873,94.241472
874,94.252948
875,94.261887
876,94.267207
877,94.267603
878,94.266727
879,94.251172
880,94.23278
881,94.2497
882,94.247823
883,94.24176
884,94.247317
885,94.246988
886,94.243026
887,94.240428
888,94.233807
889,94.264914
890,94.285028
891,94.275742
892,94.270001
893,94.248716
894,94.239989
895,94.257096
896,94.278688
897,94.276044
898,94.285794
899,94.282366
900,94.258382
901,94.274059
902,94.28482
903,94.279877
904,94.266994
905,94.258657
906,94.286719
907,94.304078
908,94.291567
909,94.275463
910,94.296922
911,94.292213
912,94.289975
913,94.283406
914,94.280717
915,94.299979
916,94.299423
917,94.305563
918,94.289882
919,94.28976
920,94.302292
921,94.304711
922,94.316478
923,94.331855
924,94.288983
925,94.270685
926,94.278191
927,94.271679
928,94.287171
929,94.284095
930,94.290353
931,94.275188
932,94.262984
933,94.27641
934,94.26953
935,94.231721
936,94.185598
937,94.152315
938,94.137375
939,94.105234
940,94.05584
941,94.041958
942,94.018586
943,94.020856
944,93.996606
945,94.026015
946,94.040436
947,94.073863
948,94.104774
949,94.101754
950,94.127656
951,94.137358
952,94.165124
953,94.159678
954,94.182019
955,94.188041
956,94.206499
957,94.230715
958,94.224613
959,94.246397
960,94.257831
961,94.277334
962,94.299356
963,94.283258
964,94.279617
965,94.297712
966,94.321119
967,94.302077
968,94.303753
969,94.331281
970,94.332651
971,94.331067
972,94.348945
973,94.334208
974,94.28023
975,94.297602
976,94.305828
977,94.311925
978,94.302962
979,94.328268
980,94.343367
981,94.346341
982,94.323359
983,94.358339
984,94.355017
985,94.36461
986,94.336094
987,94.352182
988,94.37871
989,94.360115
990,94.364173
991,94.365057
992,94.378423
993,94.38942
994,94.325454
995,94.370168
996,94.37759
997,94.370641
998,94.351458
999,94.348977
1000,94.361193
1001,94.37207
1002,94.378366
1003,94.378257
1004,94.383451
1005,94.419601
1006,94.409671
1007,94.40872
1008,94.385287
1009,94.380612
1010,94.403985
1011,94.398446
1012,94.384563
1013,94.380649
1014,94.380028
1015,94.396564
1016,94.384419
1017,94.377261
1018,94.381072
1019,94.385813
1020,94.370092
1021,94.385554
1022,94.387693
1023,94.401527
1024,94.414384
1025,94.4345
1026,94.398118
1027,94.397841
1028,94.4032
1029,94.439796
1030,94.404408
1031,94.395853
1032,94.370699
1033,94.403548
1034,94.403827
1035,94.427518
1036,94.408607
1037,94.426541
1038,94.431877
1039,94.43304
1040,94.421375
1041,94.398341
1042,94.387711
1043,94.409429
1044,94.400863
1045,94.37839
1046,94.415826
1047,94.402422
1048,94.43277
1049,94.424251
1050,94.424118
1051,94.420697
1052,94.437628
1053,94.443474
1054,94.429466
1055,94.440932
1056,94.433421
1057,94.430406
1058,94.42501
1059,94.417851
1060,94.405498
1061,94.399877
1062,94.408317
1063,94.425209
1064,94.403706
1065,94.396407
1066,94.422904
1067,94.447762
1068,94.437868
1069,94.444774
1070,94.424357
1071,94.445855
1072,94.387678
1073,94.423839
1074,94.428214
1075,94.424072
1076,94.408073
1077,94.420576
1078,94.414335
1079,94.412919
1080,94.400422
1081,94.433311
1082,94.450636
1083,94.437947
1084,94.406893
1085,94.436154
1086,94.436784
1087,94.454233
1088,94.447364
1089,94.467117
1090,94.436705
1091,94.455465
1092,94.457119
1093,94.481688
1094,94.450199
1095,94.430982
1096,94.417581
1097,94.434862
1098,94.419461
1099,94.432946
1100,94.449494
1101,94.435682
1102,94.430927
1103,94.431881
1104,94.432512
1105,94.450588
1106,94.459266
1107,94.422665
1108,94.42339
1109,94.422799
1110,94.422757
1111,94.421249
1112,94.423985
1113,94.442037
1114,94.435713
1115,94.441464
1116,94.425111
1117,94.421406
1118,94.428817
1119,94.417035
1120,94.404941
1121,94.423366
1122,94.419495
1123,94.438477
1124,94.430206
1125,94.416745
1126,94.413877
1127,94.414664
1128,94.415505
1129,94.423805
1130,94.428951
1131,94.460712
1132,94.47902
1133,94.475986
1134,94.470671
1135,94.432037
1136,94.464524
1137,94.466848
1138,94.460644
1139,94.458038
1140,94.458381
1141,94.435246
1142,94.449397
1143,94.460262
1144,94.460808
1145,94.467542
1146,94.472346
1147,94.474549
1148,94.453227
1149,94.440777
1150,94.447057
1151,94.453216
1152,94.461388
1153,94.456177
1154,94.453733
1155,94.438864
1156,94.443332
1157,94.445801
1158,94.445435
1159,94.453868
1160,94.435995
1161,94.455133
1162,94.46878
1163,94.446902
1164,94.458484
1165,94.457359
1166,94.461372
1167,94.458201
1168,94.478417
1169,94.493317
1170,94.479641
1171,94.484118
1172,94.473898
1173,94.459566
1174,94.465063
1175,94.464045
1176,94.464089
1177,94.462054
1178,94.466989
1179,94.463215
1180,94.457022
1181,94.473748
1182,94.469869
1183,94.439481
1184,94.454036
1185,94.459679
1186,94.463113
1187,94.472085
1188,94.493107
1189,94.497103
1190,94.473448
1191,94.473396
1192,94.464418
1193,94.439751
1194,94.42785
1195,94.445709
1196,94.471569
1197,94.473473
1198,94.460361
1199,94.450468
1200,94.456388
1201,94.479238
1202,94.479218
1203,94.467002
1204,94.468119
1205,94.457567
1206,94.461317
1207,94.456633
1208,94.458773
1209,94.451299
1210,94.452401
1211,94.454857
1212,94.443998
1213,94.451236
1214,94.449581
1215,94.453215
1216,94.456455
1217,94.428889
1218,94.424126
1219,94.450547
1220,94.455192
1221,94.437425
1222,94.426777
1223,94.423008
1224,94.421971
1225,94.419132
1226,94.411342
1227,94.403553
1228,94.409813
1229,94.381205
1230,94.363435
1231,94.337566
1232,94.312841
1233,94.278054
1234,94.246446
1235,94.208465
1236,94.163974
1237,94.105822
1238,94.074271
1239,94.058112
1240,94.012204
1241,93.963033
1242,93.967931
1243,93.963249
1244,93.961797
1245,93.955164
1246,93.943511
1247,93.930826
1248,93.929254
1249,93.937226
1250,93.962209
1251,93.982796
1252,93.987684
1253,94.014753
1254,94.048056
1255,94.085472
1256,94.10361
1257,94.124966
1258,94.141253
1259,94.180995
1260,94.230771
1261,94.218102
1262,94.222534
1263,94.249038
1264,94.274481
1265,94.285141
1266,94.276543
1267,94.287768
1268,94.308243
1269,94.326352
1270,94.326046
1271,94.315484
1272,94.320413
1273,94.337441
1274,94.343981
1275,94.332234
1276,94.348808
1277,94.369143
1278,94.377774
1279,94.382977
1280,94.375307
1281,94.369485
1282,94.371796
1283,94.37699
1284,94.372956
1285,94.379624
1286,94.395034
1287,94.394065
1288,94.389679
1289,94.397462
1290,94.409109
1291,94.414504
1292,94.40579
1293,94.407974
1294,94.407807
1295,94.409765
1296,94.410092
1297,94.413497
1298,94.421936
1299,94.405176
1300,94.411289
1301,94.413695
1302,94.396485
1303,94.376531
1304,94.37824
1305,94.380114
1306,94.369993
1307,94.377871
1308,94.378308
1309,94.364049
1310,94.352723
1311,94.38969
1312,94.392109
1313,94.375366
1314,94.367736
1315,94.365
1316,94.354157
1317,94.336782
1318,94.324551
1319,94.311369
1320,94.310625
1321,94.312952
1322,94.289718
1323,94.270407
1324,94.252883
1325,94.253519
1326,94.254269
1327,94.226892
1328,94.189561
1329,94.163634
1330,94.149601
1331,94.133447
1332,94.103174
1333,94.069243
1334,94.044133
1335,94.022731
1336,93.995492
1337,93.954369
1338,93.936863
1339,93.901199
1340,93.865262
1341,93.84278
1342,93.830188
1343,93.815452
1344,93.77386
1345,93.775007
1346,93.714072
1347,93.667628
1348,93.618631
1349,93.576614
1350,93.538125
1351,93.537603
1352,93.533324
1353,93.53824
1354,93.495685
1355,93.496198
1356,93.456022
1357,93.38727
1358,93.344633
1359,93.295148
1360,93.32734
1361,93.242529
1362,93.158316
1363,93.091149
1364,92.99358
1365,92.856845
1366,92.725718
1367,92.535789
1368,92.305757
1369,91.937771
1370,91.523429
1371,90.955627
1372,90.242601
1373,89.4135
1374,88.462506
1375,87.534952
1376,86.490241
1377,85.552133
1378,84.692064
1379,83.897856
1380,83.403248
1381,83.16447
1382,82.880077
1383,82.762841
1384,82.794003
1385,82.954063
1386,83.239333
1387,83.618058
1388,84.006722
1389,84.389625
1390,84.818829
1391,85.260818
1392,85.7811
1393,86.224191
1394,86.711521
1395,87.255866
1396,87.53799
1397,87.995567
1398,88.336253
1399,88.723665
1400,89.217166
1401,89.399763
1402,89.736408
1403,89.9681
1404,90.282576
1405,90.548548
1406,90.752599
1407,90.961155
1408,91.181275
1409,91.364311
1410,91.512073
1411,91.693222
1412,91.842908
1413,91.989359
1414,92.129032
1415,92.241427
1416,92.327832
1417,92.442435
1418,92.562382
1419,92.638217
1420,92.705069
1421,92.807687
1422,92.893153
1423,92.977051
1424,93.052462
1425,93.111325
1426,93.189701
1427,93.234508
1428,93.287555
1429,93.340746
1430,93.385708
1431,93.451106
1432,93.516295
1433,93.569168
1434,93.625002
1435,93.674136
1436,93.705492
1437,93.727948
1438,93.7577
1439,93.793281
1440,93.820789
1441,93.891088
1442,93.907715
1443,93.908735
1444,93.951232
1445,93.985141
1446,93.999409
1447,94.027951
1448,94.062304
1449,94.05958
1450,94.067974
1451,94.094396
1452,94.094138
1453,94.1357
1454,94.1539
1455,94.17042
1456,94.207634
1457,94.227751
1458,94.210825
1459,94.226212
1460,94.247775
1461,94.253474
1462,94.298809
1463,94.268722
1464,94.293751
1465,94.31074
1466,94.316772
1467,94.33732
1468,94.327044
1469,94.35072
1470,94.367068
1471,94.391543
1472,94.377386
1473,94.385578
1474,94.39907
1475,94.382782
1476,94.395961
1477,94.435512
1478,94.412615
1479,94.417345
1480,94.431848
1481,94.441835
1482,94.429438
1483,94.442328
1484,94.438188
1485,94.44416
1486,94.446996
1487,94.454644
1488,94.468296
1489,94.474905
1490,94.456413
1491,94.457606
1492,94.450706
1493,94.464075
1494,94.47536
1495,94.480542
1496,94.518294
1497,94.501217
1498,94.504977
1499,94.497788
1500,94.482867
1501,94.502558
1502,94.490386
1503,94.54046
1504,94.53853
1505,94.504798
1506,94.508341
1507,94.517254
1508,94.509975
1509,94.524805
1510,94.521962
1511,94.518336
1512,94.512984
1513,94.520855
1514,94.51793
1515,94.502998
1516,94.523411
1517,94.524599
1518,94.543166
1519,94.520508
1520,94.574532
1521,94.545523
1522,94.526926
1523,94.520691
1524,94.512053
1525,94.535213
1526,94.56584
1527,94.554127
1528,94.536635
1529,94.559987
1530,94.542991
1531,94.571572
1532,94.547819
1533,94.524166
1534,94.509678
1535,94.506733
1536,94.525494
1537,94.52153
1538,94.541239
1539,94.541797
1540,94.545382
1541,94.544321
1542,94.548644
1543,94.540347
1544,94.529825
1545,94.537922
1546,94.551017
1547,94.549447
1548,94.567662
1549,94.54401
1550,94.557677
1551,94.556219
1552,94.569938
1553,94.528725
1554,94.517805
1555,94.549799
1556,94.546569
1557,94.555256
1558,94.564662
1559,94.554843
1560,94.550989
1561,94.548319
1562,94.531849
1563,94.540048
1564,94.544657
1565,94.558204
1566,94.578008
1567,94.538662
1568,94.547455
1569,94.549917
1570,94.556702
1571,94.547204
1572,94.535079
1573,94.52692
1574,94.554722
1575,94.578935
1576,94.554943
1577,94.542363
1578,94.544361
1579,94.544811
1580,94.550343
1581,94.552233
1582,94.526494
1583,94.533663
1584,94.539659
1585,94.53392
1586,94.537366
1587,94.540511
1588,94.544614
1589,94.557844
1590,94.554416
1591,94.546398
1592,94.548903
1593,94.554252
1594,94.570269
1595,94.563837
1596,94.556958
1597,94.559534
1598,94.569284
1599,94.581506
1600,94.580839
1601,94.564708
1602,94.550974
1603,94.534283
1604,94.517807
1605,94.537262
1606,94.533489
1607,94.535104
1608,94.537483
1609,94.54036
1610,94.538992
1611,94.536344
1612,94.54128
1613,94.538087
1614,94.547708
1615,94.554118
1616,94.555863
1617,94.566368
1618,94.573068
1619,94.570977
1620,94.560366
1621,94.55314
1622,94.568589
1623,94.563408
1624,94.545392
1625,94.552903
1626,94.565488
1627,94.569735
1628,94.562899
1629,94.551888
1630,94.539045
1631,94.538781
1632,94.541532
1633,94.547902
1634,94.554417
1635,94.562248
1636,94.571625
1637,94.578754
1638,94.578771
1639,94.574298
1640,94.550896
1641,94.53743
1642,94.553124
1643,94.564924
1644,94.568387
1645,94.56983
1646,94.565343
1647,94.575078
1648,94.588223
1649,94.575395
1650,94.566082
1651,94.562298
1652,94.565296
1653,94.563164
1654,94.563082
1655,94.558122
1656,94.564889
1657,94.566695
1658,94.555866
1659,94.563078
1660,94.571845
1661,94.573083
1662,94.561682
1663,94.552412
1664,94.547232
1665,94.548394
1666,94.553307
1667,94.562079
1668,94.567381
1669,94.572567
1670,94.568299
1671,94.559557
1672,94.558309
1673,94.556659
1674,94.566465
1675,94.568972
1676,94.567424
1677,94.569365
1678,94.55755
1679,94.549594
1680,94.551807
1681,94.551345
1682,94.550661
1683,94.56749
1684,94.564185
1685,94.566419
1686,94.576769
1687,94.574679
1688,94.571685
1689,94.57052
1690,94.559898
1691,94.552313
1692,94.557888
1693,94.548193
1694,94.575023
1695,94.570689
1696,94.562532
1697,94.573562
1698,94.561327
1699,94.547724
1700,94.564174
1701,94.581332
1702,94.575093
1703,94.574873
1704,94.577355
1705,94.577432
1706,94.5755
1707,94.579071
1708,94.591102
1709,94.591706
1710,94.551444
1711,94.548374
1712,94.554873
1713,94.558488
1714,94.562019
1715,94.555176
1716,94.556527
1717,94.546066
1718,94.543661
1719,94.550964
1720,94.554612
1721,94.562296
1722,94.535043
1723,94.543759
1724,94.537648
1725,94.541033
1726,94.557753
1727,94.538896
1728,94.528368
1729,94.52875
1730,94.531998
1731,94.535787
1732,94.539994
1733,94.532721
1734,94.548967
1735,94.502774
1736,94.508443
1737,94.542519
1738,94.532699
1739,94.52644
1740,94.538877
1741,94.530741
1742,94.553245
1743,94.563214
1744,94.555574
1745,94.540766
1746,94.543359
1747,94.541731
1748,94.525329
1749,94.531676
1750,94.564664
1751,94.54174
1752,94.527204
1753,94.550773
1754,94.547261
1755,94.54252
1756,94.53215
1757,94.538277
1758,94.530024
1759,94.533347
1760,94.536939
1761,94.548668
1762,94.525489
1763,94.532024
1764,94.526414
1765,94.543545
1766,94.531308
1767,94.519872
1768,94.526768
1769,94.512473
1770,94.506359
1771,94.515599
1772,94.531116
1773,94.538727
1774,94.512832
1775,94.514272
1776,94.50669
1777,94.512232
1778,94.503521
1779,94.484029
1780,94.52309
1781,94.520906
1782,94.513814
1783,94.508256
1784,94.52472
1785,94.537597
1786,94.541522
1787,94.530633
1788,94.509438
1789,94.512218
1790,94.519665
1791,94.532243
1792,94.50801
1793,94.499739
1794,94.50021
1795,94.483511
1796,94.519719
1797,94.524882
1798,94.510994
1799,94.511057
1800,94.516376
1801,94.49214
1802,94.507231
1803,94.491356
1804,94.501569
1805,94.48026
1806,94.491349
1807,94.502341
1808,94.497732
1809,94.458847
1810,94.470913
1811,94.460845
1812,94.454233
1813,94.465227
1814,94.467018
1815,94.452436
1816,94.475754
1817,94.445201
1818,94.458023
1819,94.474691
1820,94.44598
1821,94.448505
1822,94.446148
1823,94.412515
1824,94.415552
1825,94.427305
1826,94.457243
1827,94.428574
1828,94.455756
1829,94.456658
1830,94.471876
1831,94.38174
1832,94.341857
1833,94.404134
1834,94.394294
1835,94.422177
1836,94.40034
1837,94.410881
1838,94.370822
1839,94.432081
1840,94.387336
1841,94.437018
1842,94.423702
1843,94.365918
1844,94.353485
1845,94.36903
1846,94.283615
1847,94.383247
1848,94.380998
1849,94.36307
1850,94.360289
1851,94.339381
1852,94.352741
1853,94.358534
1854,94.350273
1855,94.336646
1856,94.343229
1857,94.338208
1858,94.348581
1859,94.309271
1860,94.345327
1861,94.340131
1862,94.345751
1863,94.362002
1864,94.336654
1865,94.290894
1866,94.334494
1867,94.316447
1868,94.288814
1869,94.288387
1870,94.293063
1871,94.283965
1872,94.296878
1873,94.298049
1874,94.30574
1875,94.300012
1876,94.298545
1877,94.2912
1878,94.311066
1879,94.218418
1880,94.294693
1881,94.266998
1882,94.264823
1883,94.247848
1884,94.242575
1885,94.2194
1886,94.181233
1887,94.220098
1888,94.21337
1889,94.219429
1890,94.205233
1891,94.198261
1892,94.231926
1893,94.221248
1894,94.190961
1895,94.158992
1896,94.217976
1897,94.208502
1898,94.22867
1899,94.189551
1900,94.149721
1901,94.148754
1902,94.181223
1903,94.173317
1904,94.196412
1905,94.202112
1906,94.20771
1907,94.191412
1908,94.212846
1909,94.177322
1910,94.161509
1911,94.208238
1912,94.187869
1913,94.215218
1914,94.223229
1915,94.214416
1916,94.218202
1917,94.190036
1918,94.170514
1919,94.174078
1920,94.206607
1921,94.195779
1922,94.200266
1923,94.200782
1924,94.212153
1925,94.195871
1926,94.206044
1927,94.222258
1928,94.204388
1929,94.200044
1930,94.23275
1931,94.241343
1932,94.258145
1933,94.249075
1934,94.225041
1935,94.251039
1936,94.262457
1937,94.238774
1938,94.254041
1939,94.253018
1940,94.23821
1941,94.250096
1942,94.208419
1943,94.231785
1944,94.249625
1945,94.246381
1946,94.244581
1947,94.246163
1948,94.246033
1949,94.265371
1950,94.253534
1951,94.276778
1952,94.273076
1953,94.284817
1954,94.282331
1955,94.27295
1956,94.264758
1957,94.254986
1958,94.263474
1959,94.257511
1960,94.261458
1961,94.285726
1962,94.299578
1963,94.275088
1964,94.27137
1965,94.294507
1966,94.283724
1967,94.296847
1968,94.306444
1969,94.290463
1970,94.289173
1971,94.281664
1972,94.264076
1973,94.25033
1974,94.255151
1975,94.264099
1976,94.264927
1977,94.253583
1978,94.25344
1979,94.280681
1980,94.283984
1981,94.285771
1982,94.272702
1983,94.256397
1984,94.273052
1985,94.275653
1986,94.2628
1987,94.254552
1988,94.244831
1989,94.237919
1990,94.260586
1991,94.25304
1992,94.238893
1993,94.224779
1994,94.223328
1995,94.220986
1996,94.212195
1997,94.193513
1998,94.191822
1999,94.195558
2000,94.189262
2001,94.175378
2002,94.151421
2003,94.138298
2004,94.135124
2005,94.131908
2006,94.132794
2007,94.129144
2008,94.10659
2009,94.106478
2010,94.105345
2011,94.083148
2012,94.05263
2013,94.026177
2014,94.009552
2015,94.005232
2016,94.006777
2017,93.979497
2018,93.93227
2019,93.913532
2020,93.885202
2021,93.882139
2022,93.876853
2023,93.850017
2024,93.839477
2025,93.807324
2026,93.783018
2027,93.771061
2028,93.743348
2029,93.716208
2030,93.70382
2031,93.680701
2032,93.652637
2033,93.620618
2034,93.595061
2035,93.573032
2036,93.54505
2037,93.510622
2038,93.490134
2039,93.488893
2040,93.477851
2041,93.468154
2042,93.434629
2043,93.410664
2044,93.380657
2045,93.335206
2046,93.31125
2047,93.29775
2048,93.273299
2049,93.250884
2050,93.248977
2051,93.227439
2052,93.200805
2053,93.194041
2054,93.181108
2055,93.175203
2056,93.163199
2057,93.179811
2058,93.169584
2059,93.14279
2060,93.118114
2061,93.113345
2062,93.085115
2063,93.080656
2064,93.105328
2065,93.113198
2066,93.098749
2067,93.10011
2068,93.108986
2069,93.128969
2070,93.110638
2071,93.107255
2072,93.112465
2073,93.114438
2074,93.119212
2075,93.130463
2076,93.140974
2077,93.1431
2078,93.129217
2079,93.136611
2080,93.144365
2081,93.165727
2082,93.164077
2083,93.164234
2084,93.169531
2085,93.160649
2086,93.166321
2087,93.157808
2088,93.151435
2089,93.147553
2090,93.132605
2091,93.123619
2092,93.108968
2093,93.102802
2094,93.0894
2095,93.081789
2096,93.082428
2097,93.049636
2098,93.033929
2099,93.035391
2100,93.025493
2101,93.03924
2102,93.00728
2103,92.973518
2104,92.967897
2105,92.948027
2106,92.938149
2107,92.923568
2108,92.903844
2109,92.892116
2110,92.869294
2111,92.838683
2112,92.815361
2113,92.797496
2114,92.780333
2115,92.756209
2116,92.740858
2117,92.719476
2118,92.688915
2119,92.673328
2120,92.655715
2121,92.617738
2122,92.583409
2123,92.554252
2124,92.503445
2125,92.4911
2126,92.440429
2127,92.405326
2128,92.369239
2129,92.328388
2130,92.290748
2131,92.217543
2132,92.164361
2133,92.121733
2134,92.074926
2135,91.999697
2136,91.921224
2137,91.872379
2138,91.77117
2139,91.690375
2140,91.590775
2141,91.489733
2142,91.394217
2143,91.29336
2144,91.219248
2145,91.068913
2146,90.94394
2147,90.821399
2148,90.684677
2149,90.580217
2150,90.461979
2151,90.310278
2152,90.199949
2153,90.071755
2154,89.952996
2155,89.831058
2156,89.719971
2157,89.604777
2158,89.487671
2159,89.368445
2160,89.265547
2161,89.13572
2162,89.006003
2163,88.89261
2164,88.761573
2165,88.628909
2166,88.503639
2167,88.346895
2168,88.188445
2169,88.036352
2170,87.903322
2171,87.73007
2172,87.521421
2173,87.328787
2174,87.111972
2175,86.879207
2176,86.622416
2177,86.349726
2178,86.080992
2179,85.749578
2180,85.452513
2181,85.04005
2182,84.624354
2183,84.136512
2184,83.672303
2185,83.107903
2186,82.424012
2187,81.723817
2188,80.912859
2189,80.043618
2190,79.141819
2191,78.046329
2192,76.90412
2193,75.735817
2194,74.467456
2195,73.130123
2196,71.675472
2197,70.196908
2198,68.859952
2199,67.4395
2200,65.968521
2201,64.681105
2202,63.516546
2203,62.381604
2204,61.393616
2205,60.584467
2206,59.899116
2207,59.387223
2208,58.938705
2209,58.660051
2210,58.512899
2211,58.479705
2212,58.531697
2213,58.679942
2214,58.916589
2215,59.220446
2216,59.557086
2217,59.974371
2218,60.377883
2219,60.790751
2220,61.219242
2221,61.660683
2222,62.113378
2223,62.568765
2224,62.992267
2225,63.410754
2226,63.817604
2227,64.152791
2228,64.480441
2229,64.782794
2230,65.037504
2231,65.281766
2232,65.463509
2233,65.623634
2234,65.81
2235,65.956163
2236,66.09428
2237,66.204695
2238,66.32939
2239,66.420443
2240,66.505465
2241,66.606412
2242,66.709538
2243,66.831421
2244,66.944838
2245,67.091644
2246,67.248832
2247,67.424651
2248,67.59596
2249,67.787739
2250,67.975337
2251,68.222009
2252,68.474576
2253,68.731905
2254,69.009383
2255,69.308053
2256,69.606027
2257,69.910004
2258,70.233013
2259,70.575541
2260,70.918386
2261,71.278933
2262,71.634807
2263,72.012095
2264,72.385972
2265,72.787683
2266,73.176885
2267,73.568659
2268,73.96078
2269,74.352408
2270,74.730463
2271,75.125181
2272,75.498092
2273,75.8703
2274,76.23828
2275,76.594983
2276,76.954707
2277,77.320251
2278,77.68457
2279,78.032977
2280,78.379029
2281,78.736026
2282,79.04913
2283,79.384319
2284,79.700975
2285,79.967083
2286,80.271025
2287,80.574021
2288,80.862095
2289,81.150067
2290,81.427948
2291,81.707635
2292,81.973192
2293,82.239482
2294,82.465445
2295,82.691985
2296,82.951865
2297,83.202885
2298,83.428856
2299,83.652549
2300,83.882493
2301,84.111788
2302,84.312352
2303,84.523137
2304,84.730967
2305,84.915668
2306,85.110733
2307,85.31119
2308,85.50414
2309,85.676357
2310,85.848984
2311,85.999617
2312,86.127293
2313,86.280137
2314,86.427859
2315,86.572291
2316,86.712204
2317,86.87079
2318,87.00888
2319,87.124906
2320,87.217846
2321,87.346724
2322,87.47427
2323,87.568477
2324,87.662236
2325,87.769131
2326,87.875586
2327,87.949625
2328,88.028698
2329,88.11736
2330,88.18181
2331,88.256721
2332,88.320346
2333,88.373459
2334,88.471217
2335,88.563596
2336,88.601679
2337,88.665436
2338,88.70394
2339,88.751887
2340,88.821169
2341,88.876632
2342,88.939597
2343,88.974971
2344,89.017546
2345,89.066999
2346,89.140329
2347,89.167162
2348,89.206866
2349,89.244591
2350,89.259914
2351,89.271962
2352,89.301157
2353,89.324617
2354,89.335755
2355,89.378931
2356,89.413895
2357,89.438514
2358,89.463489
2359,89.482934
2360,89.486217
2361,89.494905
2362,89.510623
2363,89.539576
2364,89.554706
2365,89.565318
2366,89.565578
2367,89.571817
2368,89.599096
2369,89.604582
2370,89.592557
2371,89.599209
2372,89.597016
2373,89.620323
2374,89.631559
2375,89.616673
2376,89.594996
2377,89.573771
2378,89.587774
2379,89.603064
2380,89.592023
2381,89.559356
2382,89.538719
2383,89.526342
2384,89.507799
2385,89.484487
2386,89.464371
2387,89.431306
2388,89.390533
2389,89.359295
2390,89.328949
2391,89.301934
2392,89.257073
2393,89.184684
2394,89.110581
2395,89.045919
2396,88.981543
2397,88.928504
2398,88.849557
2399,88.776632
2400,88.721925
2401,88.638049
2402,88.539707
2403,88.460766
2404,88.389838
2405,88.309926
2406,88.233795
2407,88.147805
2408,88.049896
2409,87.958644
2410,87.862853
2411,87.771473
2412,87.688695
2413,87.600415
2414,87.504508
2415,87.398524
2416,87.310126
2417,87.215616
2418,87.106536
2419,87.021517
2420,86.936001
2421,86.826904
2422,86.694168
2423,86.565553
2424,86.472913
2425,86.38113
2426,86.264741
2427,86.170652
2428,86.073195
2429,85.946485
2430,85.826371
2431,85.719064
2432,85.596969
2433,85.473623
2434,85.349749
2435,85.237326
2436,85.134936
2437,85.026373
2438,84.933597
2439,84.831479
2440,84.695115
2441,84.56557
2442,84.459848
2443,84.360964
2444,84.263809
2445,84.16339
2446,84.035768
2447,83.932131
2448,83.834299
2449,83.715731
2450,83.612363
2451,83.522897
2452,83.432109
2453,83.328953
2454,83.226189
2455,83.123353
2456,82.996
2457,82.882384
2458,82.777224
2459,82.681166
2460,82.586305
2461,82.486954
2462,82.38478
2463,82.272238
2464,82.145558
2465,82.026242
2466,81.932201
2467,81.818461
2468,81.671571
2469,81.537876
2470,81.419273
2471,81.302168
2472,81.178953
2473,81.047188
2474,80.908671
2475,80.782543
2476,80.657589
2477,80.503307
2478,80.346402
2479,80.212634
2480,80.074515
2481,79.91452
2482,79.751681
2483,79.612865
2484,79.461875
2485,79.290452
2486,79.125567
2487,78.948948
2488,78.774237
2489,78.582124
2490,78.412132
2491,78.226265
2492,78.057666
2493,77.874064
2494,77.692112
2495,77.494887
2496,77.293111
2497,77.101344
2498,76.909067
2499,76.701305
2500,76.497919
2501,76.273567
2502,76.047383
2503,75.82844
2504,75.600167
2505,75.342342
2506,75.093392
2507,74.855818
2508,74.622595
2509,74.390562
2510,74.158682
2511,73.871968
2512,73.614583
2513,73.355578
2514,73.125904
2515,72.858173
2516,72.564077
2517,72.292191
2518,72.027832
2519,71.747942
2520,71.483067
2521,71.179966
2522,70.912139
2523,70.664891
2524,70.381546
2525,70.109573
2526,69.835166
2527,69.551872
2528,69.265872
2529,69.003056
2530,68.713701
2531,68.429017
2532,68.105187
2533,67.812726
2534,67.497215
2535,67.188424
2536,66.901912
2537,66.623555
2538,66.34522
2539,66.068774
2540,65.791911
2541,65.511093
2542,65.22558
2543,64.910212
2544,64.615191
2545,64.299469
2546,63.992495
2547,63.666301
2548,63.35782
2549,63.0421
2550,62.73416
2551,62.459199
2552,62.187068
2553,61.942648
2554,61.690784
2555,61.435797
2556,61.207151
2557,60.926937
2558,60.680303
2559,60.434044
2560,60.19141
2561,59.902895
2562,59.639164
2563,59.344233
2564,59.043122
2565,58.748455
2566,58.489877
2567,58.224737
2568,57.95234
2569,57.718184
2570,57.473665
2571,57.245453
2572,57.054233
2573,56.823701
2574,56.624891
2575,56.389141
2576,56.168181
2577,55.980328
2578,55.75932
2579,55.537891
2580,55.314803
2581,55.080785
2582,54.836945
2583,54.666306
2584,54.470611
2585,54.25533
2586,54.06701
2587,53.844704
2588,53.648538
2589,53.409477
2590,53.164688
2591,52.951228
2592,52.784654
2593,52.591658
2594,52.428797
2595,52.232427
2596,52.051954
2597,51.872799
2598,51.711095
2599,51.472234
2600,51.324307
2601,49.59547168
2602,49.89714473
2603,49.46045978
2604,49.32682237
2605,48.8903335
2606,48.59672078
2607,49.01274223
2608,48.5871814
2609,48.14903947
2610,48.26857961
2611,47.80964481
2612,47.9347343
2613,47.86555984
2614,47.12988984
2615,47.18178953
2616,47.15888542
2617,46.9892146
2618,46.88357284
2619,46.38846203
2620,46.45575755
2621,45.88457362
2622,45.67188998
2623,46.01581506
2624,45.38973433
2625,44.69967013
2626,44.65923237
2627,44.05576104
2628,45.16887573
2629,44.49122963
2630,44.14416921
2631,44.00101271
2632,43.91527247
2633,42.945911
2634,42.52317887
2635,42.10491973
2636,41.68751675
2637,41.5441326
2638,41.69248921
2639,41.3238981
2640,40.88345614
2641,40.86396901
2642,40.75338584
2643,39.94721134
2644,39.52054001
2645,39.31716373
2646,39.14678733
2647,38.95663059
2648,38.65023802
2649,37.71033441
2650,37.60646166
2651,36.81736462
2652,36.46111355
2653,36.06246098
2654,34.9746519
2655,34.30287868
2656,33.53903967
2657,32.93965118
2658,32.69888961
2659,31.53343555
2660,31.01649939
2661,30.63399547
2662,29.7028198
2663,29.28182178
2664,27.92846832
2665,27.78145254
2666,26.74990068
2667,25.11749691
2668,24.13377025
2669,23.31500297
2670,21.66675953
2671,21.31401711
2672,18.74455139
2673,18.73766941
2674,18.09746844
2675,15.61451254
2676,15.7085546
2677,13.42611947
2678,12.58667857
2679,11.1735838
2680,9.768151589
2681,9.283229745
2682,7.962507044
2683,6.808644691
2684,6.693158118
2685,5.331344814
2686,4.780210586
2687,4.679415111
2688,4.028182147
2689,2.916096664
2690,2.635043698
2691,2.182443781
2692,1.455843642
2693,1.589500018
2694,0.702240296
2695,0.469089763
2696,0.726162563
2697,0.194516
2698,0.770442073
2699,1.571396142
2700,0.432837496
2701,0.191496781
2702,0.214855066
2703,8.16E-02
2704,4.06E-02
2705,6.57E-02
2706,0.353918775
2707,0.681003185
2708,0.882239607
2709,0.481820703
2710,0.282381895
2711,9.64E-02
2712,0.299767608
2713,0.109125606
2714,5.57E-02
2715,0.592929102
2716,0.50919996
2717,4.45E-02
2718,0.337427259
2719,6.79E-02
2720,0.271685442
2721,0.501242695
2722,0.331788139
2723,0.66476795
2724,0.16297959
2725,4.89E-03
2726,0.332816511
2727,0.247150259
2728,5.67E-02
2729,0.139203951
2730,0.539770123
2731,0.800217512
2732,0.482543836
2733,0.258836285
2734,0.302998899
2735,8.69E-02
2736,0.123292766
2737,0.668648333
2738,0.174395406
2739,9.82E-02
2740,0.128717326
2741,0.280215285
2742,0.301029616
2743,0.284540111
2744,0.342604111
2745,0.424057122
2746,4.99E-02
2747,0.496152576
2748,0.304295233
2749,8.46E-02
2750,0.761697294
2751,0.309561655
2752,0.901710197
2753,0.776805682
2754,1.109726426
2755,1.137168284
2756,1.119286462
2757,0.811179952
2758,0.866219876
2759,1.02441211
2760,0.89809824
2761,0.589491284
2762,1.103759248
2763,1.145426614
2764,1.175275259
2765,1.629932759
2766,1.215550096
2767,0.640637024
2768,0.733731602
2769,0.609636457
2770,0.544452063
2771,0.792799453
2772,0.392786089
2773,0.557746739
2774,0.830884328
2775,1.336959782
2776,1.115139247
2777,0.670740364
2778,0.799473092
2779,0.788907557
2780,0.457551693
2781,0.917744086
2782,6.05E-02
2783,0.270637667
2784,0.919678622
2785,0.996588823
2786,0.841776012
2787,0.520764746
2788,0.534411077
2789,0.905689332
2790,0.431778081
2791,0.709492161
2792,0.805691319
2793,0.762460625
2794,0.900889784
2795,0.832540723
2796,0.537468726
2797,0.64642357
2798,0.462096521
2799,0.820990719
2800,0.177874192
2801,0.433542416
2802,0.388761778
2803,0.294880561
2804,0.303367813
2805,0.808037142
2806,0.512588136
2807,0.160224049
2808,0.475246234
2809,0.574110777
2810,0.437630974
2811,0.358649313
2812,0.129652441
2813,8.60E-02
2814,0.164232062
2815,0.143109592
2816,0.166770583
2817,8.85E-02
2818,0.849126249
2819,1.050105054
2820,1.764748706
2821,2.037433137
2822,1.964292335
2823,1.825955502
2824,1.796323542
2825,2.195839392
2826,2.92974612
2827,2.495671239
2828,3.014285928
2829,2.657325076
2830,3.10301183
2831,3.632142125
2832,3.19289323
2833,3.211497663
2834,3.980714776
2835,4.715240534
2836,4.673040424
2837,5.277859894
2838,5.779631593
2839,5.889910516
2840,5.964912773
2841,6.72539916
2842,7.17515131
2843,7.619782745
2844,8.200481636
2845,8.325686098
2846,8.534866014
2847,8.964326115
2848,10.07268092
2849,10.30158577
2850,10.72877904
2851,10.95315118
2852,11.68743702
2853,12.52148322
2854,12.62520098
2855,13.3515132
2856,14.08712781
2857,14.06869329
2858,15.44630306
2859,15.58142142
2860,16.96356562
2861,17.46019747
2862,18.01899565
2863,18.51072201
2864,19.65239539
2865,19.94734127
2866,19.94880668
2867,20.73132838
2868,21.15654146
2869,22.32090198
2870,23.04434589
2871,23.85135948
2872,24.58893368
2873,24.92332132
2874,25.13997723
2875,26.09926018
2876,26.79567917
2877,27.32344432
2878,28.23865839
2879,29.23628284
2880,29.44246977
2881,30.26628256
2882,30.93086291
2883,31.3302892
2884,32.27974851
2885,33.23800092
2886,33.61002154
2887,34.20134697
2888,34.38603247
2889,35.06592435
2890,35.60424222
2891,35.9144423
2892,36.40372875
2893,36.81474133
2894,37.70937635
2895,37.62119863
2896,38.19351062
2897,38.68472709
2898,39.17726346
2899,39.6064202
2900,40.29507372
2901,40.95951101
2902,41.51676525
2903,42.04156377
2904,42.53480757
2905,43.17299154
2906,43.78820077
2907,43.9767946
2908,44.83470771
2909,44.83021873
2910,45.4200764
2911,46.205317
2912,46.52767722
2913,46.50158947
2914,47.19586359
2915,47.84718964
2916,47.82847517
2917,48.44704226
2918,48.43343523
2919,49.42401916
2920,49.53861339
2921,50.24421599
2922,50.90201732
2923,50.98772424
2924,51.48141692
2925,52.17414056
2926,52.20879492
2927,52.2555215
2928,52.57337982
2929,53.14948592
2930,53.78421574
2931,54.01079227
2932,54.15393239
2933,54.06554024
2934,55.04153128
2935,54.44755098
2936,54.75559618
2937,55.26025186
2938,56.02304362
2939,55.74963078
2940,56.17734933
2941,56.17553481
2942,56.38709534
2943,56.82372054
2944,57.20992999
2945,57.22009871
2946,57.20676284
2947,58.32270004
2948,58.2174071
2949,58.6446684
2950,59.02826518
2951,58.88082837
2952,59.4901503
2953,59.87669554
2954,60.13673536
2955,60.7828199
2956,60.67070643
2957,60.78328138
2958,60.76660498
2959,61.30809504
2960,61.4603233
2961,61.2098512
2962,61.81884571
2963,62.15840726
2964,62.3777701
2965,62.05868464
2966,63.2324915
2967,63.49138061
2968,62.92432206
2969,62.99550649
2970,63.82598489
2971,63.90906902
2972,63.58759737
2973,64.47923493
2974,64.04017818
2975,64.79957461
2976,64.87949776
2977,65.09624076
2978,64.94440866
2979,64.88712892
2980,65.08977835
2981,65.77008419
2982,65.56632383
2983,65.67246291
2984,65.89636949
2985,66.18984329
2986,66.3439526
2987,66.29693137
2988,66.21736592
2989,66.56705752
2990,66.90009849
2991,66.87587861
2992,66.95964627
2993,67.01836159
2994,67.84207884
2995,67.97144836
2996,68.13967107
2997,68.21408704
2998,68.65113008
2999,68.39171914
3000,67.89766432
3001,68.6537759
3002,69.19429487
3003,69.25452433
3004,69.60120902
3005,69.47395814
3006,69.1329128
3007,69.69722359
3008,70.13085506
3009,69.67331966
3010,69.94950709
3011,69.56833523
3012,69.88777594
3013,70.31900737
3014,69.92420635
3015,70.33939072
3016,70.51275431
3017,70.65395967
3018,70.41305027
3019,70.55987751
3020,70.61309265
3021,70.71598227
3022,70.68655983
3023,70.66423006
3024,70.69936045
3025,71.45692727
3026,71.3992275
3027,71.23917592
3028,71.04160406
3029,71.67697214
3030,71.79119812
3031,71.83824587
3032,71.75759172
3033,71.63185052
3034,72.29348201
3035,71.71762967
3036,71.94883078
3037,72.51093307
3038,72.77873033
3039,72.83158656
3040,72.97325643
3041,73.70140904
3042,73.04357004
3043,72.89133822
3044,72.80069708
3045,73.17209003
3046,73.00719037
3047,73.26767651
3048,73.30263486
3049,73.48623722
3050,74.25157233
3051,74.12880878
3052,73.83471923
3053,74.02126346
3054,74.93989736
3055,74.11288903
3056,74.75178979
3057,73.78464189
3058,74.86661746
3059,74.81225078
3060,74.93699373
3061,74.78967952
3062,74.84541605
3063,74.86667149
3064,75.16040685
3065,75.19925082
3066,75.31463376
3067,74.98146247
3068,75.95008824
3069,75.08567415
3070,75.19120455
3071,75.24970972
3072,74.61935031
3073,75.5489794
3074,75.19301333
3075,75.12731527
3076,75.13785173
3077,75.71632937
3078,76.02465018
3079,75.89727809
3080,75.80492881
3081,76.10702204
3082,75.95137203
3083,75.51861882
3084,75.99937581
3085,76.19743191
3086,75.97499867
3087,75.99461311
3088,76.01493129
3089,75.6027156
3090,76.45485988
3091,76.05821654
3092,76.29983818
3093,76.37979667
3094,76.57672353
3095,76.63896253
3096,76.38966479
3097,76.6149892
3098,76.65762974
3099,76.32927376
3100,76.19022025
3101,76.55386949
3102,77.22529861
3103,76.77561422
3104,76.82729869
3105,77.31905151
3106,76.93109614
3107,76.80928766
3108,76.29560126
3109,76.94146416
3110,77.26761013
3111,77.28389808
3112,76.94024888
3113,77.15499075
3114,77.16646678
3115,77.27267575
3116,77.95287015
3117,77.1879395
3118,77.21397291
3119,76.99467713
3120,78.10865576
3121,76.83850824
3122,77.41881273
3123,77.40558934
3124,77.08359831
3124,76.85301948
3126,77.35732206
3127,77.39005176
3128,77.34201996
3129,77.61885755
3130,77.17292004
3131,76.98783751
3131,77.7918422
3133,77.61795115
3134,77.8479339
3135,77.55829601
3136,77.74981048
3137,77.6342706
3138,78.33974688
3139,77.93009496
3140,77.90326558
3141,77.91686927
3142,78.67961211
3143,78.09361581
3144,77.58974445
3145,77.19481676
3146,78.75800549
3147,77.97349084
3148,78.65990869
3149,77.86785298
3150,78.42182652
3151,78.00498189
3152,78.62308769
3153,77.90375205
3154,77.61303068
3155,78.50109591
3156,78.12359498
3157,78.37271454
3158,78.94454197
3159,78.60631078
3159,78.52864275
3161,78.53898276
3162,78.53664858
3163,78.04359665
3164,78.04272577
3165,78.42916586
3166,78.4206557
3166,78.54798101
3168,78.73263464
3169,78.94872163
3170,78.61236834
3171,78.75057725
3172,78.92684053
3173,78.69724627
3173,79.5448903
3175,79.08921061
3176,78.94609481
3177,78.56829683
3178,79.04851545
3179,78.9262584
3180,78.72858951
3181,79.40305445
3182,79.51702881
3183,79.1888098
3184,79.24598651
3185,79.3053394
3186,79.1753477
3187,79.39330617
3188,79.54772561
3189,79.62333301
3190,79.30941652
3191,79.80040953
3191,78.88423914
3193,79.68741503
3194,79.51841586
3195,79.67266958
3196,79.46879294
3197,80.24014226
3198,79.56814501
3199,80.04858557
3200,79.65575867
3201,80.10020663
3202,79.5405674
3202,80.17981781
3204,79.83638429
3205,79.75465612
3206,79.89993559
3207,80.07700519
3208,80.03713062
3209,80.33686656
3209,80.56405719
3211,80.01745016
3212,80.04095584
3213,80.10441161
3213,80.09764845
3215,80.82016159
3216,80.55108842
3217,79.93013448
3218,80.60419894
3219,80.59003962
3220,80.8606231
3220,80.60154279
3222,80.42258182
3223,80.84724672
3224,81.03732575
3224,80.58528736
3226,81.12841548
3227,80.3587511
3228,80.53143198
3229,81.1240715
3230,81.41675494
3231,80.83820421
3232,80.78145961
3233,80.97877017
3234,81.14077041
3235,81.41021382
3235,80.52734258
3237,80.66246739
3238,81.21515397
3239,81.12415556
3239,81.00975078
3241,81.11810377
3242,80.8922899
3243,80.85243616
3244,81.83680826
3245,81.02174839
3246,80.65917853
3246,80.29978426
3248,81.02735861
3249,81.21850467
3250,81.23883793
3250,81.08206572
3252,81.42311415
3253,81.20109106
3254,81.32350578
3254,81.44669321
3256,81.14303261
3257,81.27819276
3258,80.96254314
3259,80.48853665
3260,81.73533442
3261,81.31932484
3262,81.14981405
3263,81.16314076
3264,80.62573293
3265,81.34360453
3265,81.56973935
3267,81.47826678
3268,81.54946032
3269,81.41306736
3269,80.30269983
3271,81.23848312
3272,81.4587717
3273,82.00292555
3273,81.20177168
3275,81.56615557
3276,81.91845524
3277,81.87223112
3277,82.10709339
3279,82.01090717
3280,81.70426775
3281,81.63164312
3281,81.40794919
3283,82.41088623
3284,81.65717445
3285,81.31202572
3286,81.80031398
3287,81.73295543
3288,81.90487516
3288,81.11507709
3290,81.78947023
3291,82.22171711
3292,81.85289268
3292,82.17600156
3294,81.95502519
3295,82.52681334
3296,81.66019299
3296,81.55455976
3298,81.48366292
3299,81.91317832
3300,81.67562955
3300,81.76365355
3302,82.32718793
3303,81.97870376
3304,81.87644878
3304,81.85835669
3306,81.38811059
3307,80.90750967
3308,82.32637323
3308,81.86035932
3310,82.01483817
3311,82.3377152
3312,82.37135203
3312,81.71207692
3314,81.7526913
3315,82.00509669
3316,81.65212489
3316,82.24783332
3318,82.57494887
3319,82.45546984
3320,81.99511016
3320,82.74611744
3322,82.29600709
3323,82.05390628
3324,82.57039753
3324,82.14654708
3326,82.22720097
3327,81.84111065
3328,81.37446039
3328,82.56771536
3330,81.32076481
3331,81.66632698
3332,82.62313505
3332,82.57373239
3334,82.23222256
3335,82.54353305
3336,82.055273
3336,81.97613219
3338,82.33680415
3339,82.64410477
3340,82.31772281
3340,81.7269251
3342,81.98277331
3343,81.92107395
3344,81.3439518
3344,81.82857362
3346,81.46694767
3347,81.08055228
3348,81.72426953
3348,81.59460293
3350,81.34040804
3351,81.2955371
3352,80.88577909
3352,81.58833386
3354,80.60492814
3355,81.2310095
3356,80.64520858
3356,81.85798524
3357,81.48790902
3359,81.30852706
3360,80.80239138
3360,81.34638104
3361,80.98744724
3363,80.76940641
3364,81.44174844
3365,81.01157633
3365,81.34677134
3367,81.30455118
3368,80.80442031
3369,80.97774612
3369,81.62359325
3371,81.28464347
3372,81.23851895
3373,79.47969265
3373,81.14694908
3375,81.31069936
3376,80.29710381
3377,80.92208967
3377,80.54330704
3379,80.7545986
3380,80.6075963
3381,80.92943169
3381,80.43014152
3382,81.09418289
3384,80.40527404
3385,79.65720637
3385,80.52995488
3386,79.32014842
3388,80.51911532
3389,80.94851652
3390,80.28796007
3390,80.3414389
3392,80.200067
3393,80.10075151
3394,80.10445042
3394,79.74884672
3396,80.39176952
3397,79.75273925
3398,79.80364796
3398,79.77673955
3399,79.96147169
3401,79.81509581
3402,79.2488253
3402,79.29367556
3403,79.33729744
3405,78.84174034
3406,78.66886552
3407,78.90415785
3407,79.0215944
3409,78.52220681
3410,78.35466777
3411,79.05167563
3411,79.08194765
3412,78.25791126
3414,78.87148158
3415,77.75834009
3415,78.36108412
3416,78.17041183
3418,79.1857855
3419,78.61018714
3420,78.80534914
3420,78.25723389
3421,77.37628059
3423,78.40534116
3424,77.36122972
3424,77.3710975
3425,77.33776774
3427,77.27279761
3428,76.9392119
3429,77.12644391
3429,77.40309095
3431,77.04725468
3432,76.00030027
3433,76.7135549
3433,76.41920576
3434,76.16943277
3436,76.27259729
3437,76.81895927
3437,76.15380371
3438,75.53200818
3440,75.77416666
3441,75.88039086
3442,76.07201734
3442,74.98287997
3443,75.12764414
3445,74.80373429
3446,74.70056876
3446,75.40658679
3447,74.96624684
3449,75.27221935
3450,74.82028497
3451,74.19246367
3451,73.96032092
3452,74.16682957
3454,74.9240053
3455,74.42470546
3455,73.55285398
3456,74.17574307
3458,72.92726376
3459,73.41975511
3460,73.32805485
3460,72.84579525
3461,72.81208029
3463,72.42976944
3464,73.0795714
3464,72.12997236
3465,71.94642057
3467,72.09872737
3468,71.99211337
3469,71.33869366
3469,71.80386029
3470,70.79336589
3472,71.67670578
3473,70.8827888
3474,70.07514309
3474,71.01048778
3475,70.54699408
3477,69.57941081
3478,69.92401216
3478,69.65876432
3479,69.94440945
3481,69.68860239
3482,69.0561305
3483,68.66080942
3483,67.85457496
3484,67.96395914
3486,68.22064937
3487,67.9444337
3487,68.20902943
3488,67.59228952
3489,66.80767169
3491,66.3572184
3492,66.84686205
3492,66.1549701
3493,65.9788566
3495,65.60594505
3496,65.27407057
3497,65.11461551
3497,65.70523436
3498,65.61234474
3500,64.94171586
3501,64.72196805
3502,64.24591865
3502,63.83491553
3503,64.24736442
3505,63.28964372
3506,62.8385987
3506,62.83798125
3507,63.08602102
3508,63.10014435
3510,63.03745938
3511,62.13955931
3511,62.50803285
3512,61.1593637
3513,62.04079249
3515,61.24272688
3516,60.64974683
3516,61.38670986
3517,60.02405638
3518,60.48783358
3520,60.24445564
3521,59.15045314
3521,59.79385128
3522,58.70447332
3524,58.88799896
3525,59.58988042
3526,58.01146976
3526,57.81691589
3527,57.88871325
3529,57.7269786
3530,58.16333051
3531,57.96225803
3531,57.3111987
3532,57.40856687
3534,56.44646595
3535,56.46265469
3535,56.31927988
3536,56.23791661
3537,55.88042285
3539,55.01980625
3540,55.61083118
3540,54.55119218
3541,55.21360869
3542,54.01438494
3544,54.2736441
3545,54.09764322
3545,54.50863756
3546,53.52333271
3547,52.87751211
3549,52.87519432
3550,52.75129611
3550,52.35592189
3551,52.99042896
3552,51.84448228
3554,52.33306403
3555,52.18053829
3555,51.95829278
3556,51.4400288
3557,51.10887973
3559,51.27979189
3560,50.97019623
3561,50.00289388
3561,50.09342101
3562,50.17990382
3564,49.62375046
3565,49.94653513
3566,50.04049098
3566,49.40176108
3567,49.95061647
3568,49.76533694
3570,49.07004276
3571,48.9365708
3571,48.48090766
3572,49.20351418
3573,48.33505168
3575,48.64812392
3576,47.52916926
3576,47.71539871
3577,48.4537783
3578,47.68627534
3580,46.67489285
3581,47.13918847
3581,46.86848945
3582,47.22938689
3583,46.67807574
3585,46.61604325
3586,45.78756474
3586,46.82031634
3587,46.37569545
3588,45.94853378
3589,46.30407907
3591,45.64909999
3592,45.7016687
3592,45.4126314
3593,45.53011556
3594,45.44852869
3596,45.22070051
3597,44.48586132
3597,45.28417178
3598,44.5176413
3599,43.70141511
3601,43.69966157
3602,44.20024814
3602,43.13660936
3603,44.60508504
3604,43.2063875
3605,43.69034774
3607,43.6561129
3608,44.60196007
3608,43.55328551
3609,43.63926054
3610,42.74741456
3612,42.60058236
3613,42.72540282
3613,42.64739288
3614,42.59743533
3615,42.0024744
3616,42.39481247
3618,42.44744968
3619,41.62954469
3619,41.86823521
3620,41.77847448
3621,41.8996526
3623,40.55472097
3624,41.65212661
3624,40.91097388
3625,40.08077244
3626,39.62750609
3627,40.68738157
3629,39.76251885
3630,39.79055815
3630,39.82385596
3631,39.81486929
3632,38.63853228
3634,39.16468987
3635,38.78663331
3635,38.08779804
3636,38.27628448
3637,36.80284439
3638,37.40287429
3640,38.02065601
3641,37.25869466
3641,36.77999629
3642,37.01112536
3643,36.45597293
3644,36.93591755
3646,35.55406432
3646,35.98907287
3647,35.91198354
3648,34.96898591
3649,35.71059676
3651,34.95286657
3652,35.42477249
3652,34.46347777
3653,33.68613204
3654,33.56939441
3655,35.0532849
3657,33.92022404
3658,33.84954436
3658,32.90212472
3659,32.50711276
3660,32.57543097
3661,32.1333154
3663,31.99120616
3664,31.76130032
3664,31.90916819
3665,30.88823747
3666,31.41290126
3667,30.88487844
3669,30.48995777
3670,30.56408648
3670,29.87209057
3671,28.76869416
3672,30.3332205
3673,29.58544016
3675,27.98217199
3675,28.71235058
3676,27.99744921
3677,27.92111736
3678,27.7006241
3679,27.59774435
3681,27.69898781
3681,27.59238585
3682,26.82530587
3683,26.93011041
3684,26.51656312
3685,25.47822799
3687,26.7076944
3687,26.83395047
3688,25.40703374
3689,24.92858396
3690,25.57227567
3691,24.44576237
3693,25.02260022
3694,25.0343156
3694,24.35168934
3695,23.71521814
3696,24.83934439
3697,23.8819051
3699,23.69765668
3700,23.32458008
3700,22.87960994
3701,24.00058184
3702,22.51068887
3703,22.19091004
3705,21.60172174
3706,22.76525333
3706,21.83112078
3707,22.98902296
3708,21.73093551
3709,21.75372838
3710,21.45225508
3712,21.48800435
3712,20.55368501
3713,20.97110873
3714,21.07622153
3715,20.48719602
3716,20.07226672
3718,19.61574238
3718,21.58565333
3719,20.18490047
3720,19.99494473
3721,19.11881238
3722,19.41821298
3724,19.92271372
3725,19.09172368
3725,19.01321193
3726,17.98318764
3727,18.57421116
3728,18.77489469
3729,18.77967356
3731,19.23397581
3731,18.60187531
3732,18.67067436
3733,19.02625629
3734,18.97290307
3735,18.66775156
3737,18.94479997
3738,17.70285096
3738,18.01825792
3739,17.90705001
3740,16.98627563
3741,17.76178566
3742,18.75158871
3744,17.95243963
3744,17.77321675
3745,18.32081755
3746,18.21800445
3747,17.95116315
3748,17.12022336
3749,17.2412566
3751,17.27361788
3751,17.71180459
3752,17.10644583
3753,17.1165269
3754,16.27767823
3755,16.38002234
3756,16.74448322
3758,16.73111659
3758,16.76811212
3759,16.20930461
3760,16.4338053
3761,17.40681909
3762,17.81992955
3764,17.16566348
3765,17.58325458
3765,17.85061773
3766,16.57451193
3767,16.86825163
3768,17.29749312
3769,16.28788872
3771,16.91339678
3771,16.43776349
3772,17.1464364
3773,16.76932165
3774,16.89941231
3775,16.48398543
3776,17.33985407
3778,15.87700727
3778,15.94023713
3779,17.23467878
3780,17.4507685
3781,16.61874052
3782,16.63394824
3783,16.53181308
3784,17.73480115
3786,17.23783621
3786,17.34962391
3787,17.06857367
3788,17.1038818
3789,17.59130907
3790,17.81402222
3791,16.84552355
3793,17.3728943
3793,17.21662119
3794,17.79542366
3795,18.11417815
3796,16.86020571
3797,17.72113429
3798,17.51943249
3800,17.21356302
3800,17.92014663
3801,18.32580152
3802,17.4817213
3803,17.65528376
3804,17.60190131
3805,16.582116
3806,17.43090277
3807,16.63836584
3808,17.3643345
3809,17.41756604
3810,17.93731788
3811,17.17832179
3812,16.48281137
3813,17.02678087
3815,17.65343413
3815,17.10338592
3816,17.70924826
3817,17.89370464
3818,18.01138309
3819,17.76432756
3820,17.82494416
3821,18.09784513
3823,17.22427911
3823,16.63646305
3824,17.48327991
3825,17.58172451
3826,17.8439615
3827,18.37200513
3828,17.88564265
3829,18.08361745
3830,17.62548923
3831,17.60822618
3832,17.63512135
3833,17.61101609
3834,18.42700417
3835,17.2890354
3836,17.08105976
3837,17.11597859
3838,17.76308739
3839,18.11310265
3840,17.93927982
3841,18.04094043
3842,17.49669091
3843,17.36704546
3844,18.38078902
3845,18.14502538
3846,18.32064302
3847,17.61325609
3848,17.31227665
3849,17.2758437
3850,17.52970881
3851,18.61328697
3852,17.21611148
3853,18.37929909
3854,17.03165877
3855,17.1977765
3856,18.68766959
3857,17.55741443
3858,17.55902932
3859,17.69425155
3860,18.25423328
3861,18.38273337
3863,16.90640852
3863,17.12662152
3864,17.88606878
3865,16.92263876
3866,17.99783285
3867,17.36752277
3868,17.22952843
3869,17.2166966
3870,17.58460591
3871,17.09075612
3872,17.09686161
3873,17.82855751
3874,17.92676472
3875,17.19895797
3876,16.42488351
3877,17.20272696
3878,17.76866033
3879,16.54184784
3880,17.10711302
3881,16.17083032
3882,17.07555344
3883,18.58059724
3884,18.15787158
3885,18.13682846
3886,17.04335907
3887,17.67001209
3888,16.13791955
3889,16.47029351
3890,16.94550301
3891,16.84644965
3892,16.57517706
3893,17.58521847
3894,16.060953
3895,17.51320394
3896,18.28909937
3897,17.74357226
3898,17.62594831
3899,17.08900098
3900,16.5967001
3901,16.5984533
3902,17.20239803
3903,16.5775758
3904,16.67775355
3905,16.25009392
3906,16.66095195
3907,16.75331994
3908,16.15636432
3909,17.57227222
3910,17.19136219
3911,17.40434134
3912,16.4684595
3913,15.41843549
3914,15.89886117
3915,15.44515584
3916,15.88030576
3917,17.2678042
3918,16.74730185
3919,16.80818415
3920,16.74866059
3921,16.86177245
3922,16.83409188
3923,16.56898877
3924,16.83951259
3925,16.59868021
3926,16.23178431
3927,15.2909303
3928,16.32448473
3929,16.56932032
3930,16.82010314
3931,16.10976749
3932,15.60649708
3933,15.83392327
3934,15.69618528
3935,15.61663923
3936,14.99168727
3937,15.55394449
3938,16.47032651
3939,15.13392984
3940,17.16246477
3941,16.07770893
3942,16.44991532
3943,16.0482158
3944,15.33583335
3945,15.25748862
3946,15.24587614
3947,15.83265868
3948,15.82614364
3949,15.18838107
3950,15.7433733
3951,15.69190246
3952,16.25947403
3953,14.54133291
3954,15.34363512
3955,15.89114124
3956,14.87102477
3957,14.27797995
3958,14.46394882
3959,15.73512943
3960,14.9983306
3961,15.42948689
3962,15.72435571
3963,14.62835572
3964,14.73070059
3965,16.19477796
3966,14.16133282
3967,15.147421
3968,14.80590317
3969,15.17193746
3970,14.17912097
3971,14.01850157
3972,14.17840643
3973,13.89139839
3974,14.66850475
3975,14.4629228
3976,14.35186674
3977,13.67826976
3978,13.90885999
3979,13.75234134
3980,14.87072829
3981,14.85228323
3982,14.51467681
3983,13.98441275
3984,14.06927972
3985,15.28957234
3986,14.70719772
3987,13.81552024
3988,14.13436071
3989,14.05085857
3990,13.37758274
3991,12.78665249
3992,13.19896886
3993,12.99716
3994,13.60334263
3995,13.43799497
3996,14.26876624
3997,13.10772999
3998,11.80488694
3999,13.00488871
4000,13.09360649
4001,13.5897509
4002,12.35124708
4003,11.97994307
4004,11.75243337
4005,11.8241933
4006,13.37785631
4007,12.24056535
4008,10.73210867
4009,11.57986049
4010,11.89480357
4011,12.55699049
4012,11.80283396
4013,10.91609377
4014,12.38302381
4015,11.54835433
4016,12.46284918
4017,11.78892429
4018,11.89424823
4019,11.29582404
4020,10.71563274
4021,12.6356735
4022,11.29591596
4023,11.04827715
4024,10.86469357
4025,10.64144329
4026,10.91119667
4027,10.12278603
4028,10.00664076
4029,10.34620057
4030,11.20259983
4031,10.31059972
4032,10.83146184
4033,11.20502556
4034,10.05745574
4035,9.992384919
4036,10.0680088
4037,10.0417431
4038,9.268772975
4039,9.994026671
4040,10.56787281
4041,9.231148865
4042,9.547948951
4043,8.379031984
4044,8.267700557
4045,9.475932799
4046,7.917362367
4047,10.06805523
4048,8.992150234
4049,10.0537635
4050,8.540551169
4051,8.263350668
4052,8.925591854
4053,8.790728036
4054,8.580070096
4055,8.005148628
4056,9.717493635
4057,8.448959237
4058,8.517410312
4059,8.764696591
4060,7.739305423
4061,7.433111723
4062,7.683114157
4063,7.333539822
4064,7.009533762
4065,7.386702796
4066,6.465783282
4067,6.211598738
4068,7.67167491
4069,8.009600631
4070,7.014631692
4071,5.437636038
4072,6.083555615
4073,5.537811834
4074,6.37947422
4075,7.372228278
4076,5.318617647
4077,6.699704149
4078,6.564691278
4079,5.796204793
4080,6.997919695
4081,5.507859013
4082,5.428887098
4083,4.650217454
4084,6.656681553
4085,5.371653228
4086,6.661667188
4087,5.443676733
4088,5.91678162
4089,4.625886253
4090,5.014350795
4091,5.532716694
4092,5.493269797
4093,4.656594013
4094,5.679346002
4095,5.579121148
4096,4.959102462
4097,5.070578001
4098,4.934148396
4099,4.782802136
4100,4.804467495
4101,5.128579958
4102,3.974553494
4103,6.383268391
4104,3.79687305
4105,5.623267525
4106,5.106875649
4107,3.909166985
4108,4.133518498
4109,4.562530329
4110,4.776691313
4111,4.960885678
4112,3.862293466
4113,3.801519453
4114,4.830564305
4115,4.417542291
4116,4.074632599
4117,2.298232439
4118,4.804155089
4119,3.85379597
4120,4.391489795
4121,4.406221662
4122,5.119063419
4123,4.131020408
4124,4.960595455
4125,3.936248586
4126,3.874909484
4127,3.541777443
4128,4.20340887
4129,4.289291963
4130,4.65775264
4131,3.21880563
4132,3.255090901
4133,3.18127951
4134,3.547036498
4135,3.733434221
4136,4.419954502
4137,3.975336655
4138,2.081423042
4139,4.237262522
4140,3.129000659
4141,3.839706496
4142,3.363683444
4143,2.160273955
4144,3.426024807
4145,3.047443913
4146,3.019141275
4147,3.125612446
4148,4.117774354
4149,2.116214134
4150,1.7504675
4151,3.507371446
4152,2.841883405
4153,3.135382729
4154,1.558947222
4155,2.651249085
4156,3.86386376
4157,3.647743409
4158,4.368608535
4159,3.892526732
4160,2.203318402
4161,3.188556663
4162,1.526881079
4163,1.144582986
4164,1.801326164
4165,1.124271523
4166,2.937841225
4167,2.980918477
4168,2.731925132
4169,2.65068771
4170,2.180969308
4171,2.642623537
4172,2.450431992
4173,2.74600662
4174,3.514876951
4175,2.479375327
4176,2.494076859
4177,1.622416314
4178,2.356944506
4179,2.2788123
4180,1.694375342
4181,2.086346775
4182,3.453923431
4183,1.989939242
4184,1.531665511
4185,2.622468689
4186,2.802305484
4187,2.06254195
4188,1.85410352
4189,2.214112088
4190,2.162233235
4191,2.285723465
4192,2.011472026
4193,2.549032116
4194,2.958716479
4195,2.31731633
4196,1.638485279
4197,2.938879418
4198,1.588661282
4199,1.396483717
4200,1.043964871
4201,3.179246619
4202,2.063354961
4203,1.433797845
4204,0.749106004
4205,2.10513807
4206,4.574010326
4207,0.421475844
4208,0.349425926
4209,3.40924472
4210,0.715703921
4211,1.234182937
4212,1.275787084
4213,0.750885213
4214,2.766432355
4215,2.212863129
4216,9.466162835
4217,3.881062531
4218,3.005450355
4219,3.113367241
4220,5.468187289
4221,3.857673619
4222,2.451900373
4223,1.371898595
4224,13.83932961
4225,0.431577701
4226,0.055472908
4227,1.326710259
4228,4.41918896
4229,10.45790819
4230,4.115714641
4231,1.70699
4232,7.583661657
4233,0.57585144
4234,6.370979467
4235,3.661874466
4236,9.598171855
4237,8.461781994
4238,9.288039215
4239,4.66908694
4240,2.452838056
4241,5.388699922
4242,6.889628768
4243,5.896299464
4244,1.280420926
4245,5.057413988
4246,3.142254467
4247,0.869981
4248,2.20316826
4249,5.819391537
4250,1.124990911
4251,0.364596052
4252,3.901011639
4253,5.000132504
4254,0.06846926
4255,4.011093225
4256,0.235238259
4257,3.171408922
4258,3.117445504
4259,2.6163064
4260,1.865585113
4261,2.442738872
4262,6.462240459
4263,2.450286609
4264,0.252084305
4265,4.40921313
4266,6.939777123
4267,2.000103916
4268,0.850183928
4269,3.918190212
4270,3.888730897
4271,0.729422037
4272,0.499076781
4273,2.176999332
4274,8.699189629
4275,2.954374146
4276,3.024363232
4277,3.266185486
4278,2.885182377
4279,5.450613495
4280,6.06E-03
4281,2.65975606
4282,3.044134265
4283,5.872622293
4284,3.458812253
4285,0.301353211
4286,1.618109007
4287,6.740981156
4288,0.599928718
4289,0.456527802
4290,1.008390038
4291,1.117565453
4292,1.677367875
4293,1.790429929
4294,4.373276493
4295,0.774178883
4296,4.529053171
4297,3.708051304
4298,1.094397291
4299,1.263272395
4300,2.755748004
4301,2.475118569
4302,1.720517203
4303,0.86610127
4304,1.827649
4305,0.990087531
4306,0.347695965
4307,1.271877875
4308,0.85361228
4309,2.616786046
4310,0.940412018
4311,1.524192295
4312,3.404337121
4313,0.835034745
4314,0.871013286
4315,1.178481731
4316,0.799089709
4317,0.204314882
4318,4.50E-02
4319,0.154673746
4320,0.59722372
4321,1.576246691
4322,1.206551945
4323,0.180485567
4324,0.863971868
4325,0.468442464
4326,1.282720389
4327,3.52E-02
4328,0.172402882
4329,0.444138176
4330,0.437496362
4331,0.772033457
4332,0.22933925
4333,1.064484982
4334,0.671715211
4335,1.022234017
4336,0.217876648
4337,9.29E-02
4338,7.56E-02
4339,3.92E-02
4340,0.488780216
4341,0.528560845
4342,0.966232305
4343,0.562430398
4344,1.036667473
4345,0.247620734
4346,0.265684218
4347,2.15705141
4348,0.292498709
4349,0.316575395
4350,0.250620268
4351,5.43E-02
4352,0.341244303
4353,0.185972853
4354,6.89E-02
4355,7.50E-02
4356,0.576217649
4357,0.214246698
4358,0.876175637
4359,0.668614763
4360,1.273334743
4361,0.89295378
4362,0.460010476
4363,0.99820004
4364,0.102418078
4365,0.994474994
4366,0.082834583
4367,1.277372288
4368,0.198325666
4369,1.147638131
4370,0.347794819
4371,0.16076755
4372,0.350841668
4373,0.375967652
4374,0.424686378
4375,1.24634631
4376,0.292669256
4377,0.10650947
4378,7.97E-02
4379,0.934482293
4380,2.54E-02
4381,0.42632471
4382,0.818418478
4383,0.852009684
4384,5.87E-02
4385,0.398246715
4386,0.330184328
4387,0.267387494
4388,0.388449248
4389,3.93E-02
4390,1.058152292
4391,0.179502664
4392,0.957492607
4393,0.263680928
4394,0.556999949
4395,0.64255538
4396,0.552158458
4397,0.482510738
4398,0.33793286
4399,0.344181061
4400,0.493178907
4401,6.20E-02
4402,0.457974066
4403,0.350579353
4404,1.1291084
4405,8.70E-02
4406,0.547619432
4407,0.347165026
4408,0.370069164
4409,0.751844995
4410,0.910174419
4411,0.920773309
4412,0.211033504
4413,0.57424317
4414,0.211761223
4415,4.87E-04
4416,0.83962712
4417,1.56E-02
4418,0.252443735
4419,6.41E-02
4420,0.214922322
4421,0.799292864
4422,2.67E-03
4423,0.382120613
4424,0.367450559
4425,0.657031633
4426,0.179063966
4427,0.15285163
4428,8.17E-02
4429,0.61200295
4430,5.38E-02
4431,0.232185257
4432,0.584696072
4433,0.220253616
4434,0.3661523
4435,1.179793366
4436,0.443014273
4437,0.435962003
4438,0.752289232
4439,0.200962148
4440,0.471110625
4441,0.238251174
4442,0.753694609
4443,0.28411432
4444,0.377042514
4445,0.140860479
4446,0.114092925
4447,0.575534861
4448,0.517420793
4449,1.60E-02
4450,0.232581486
4451,0.365351634
4452,1.008244995
4453,0.10103807
4454,0.219751328
4455,4.64E-02
4456,0.748655754
4457,5.67E-02
4458,0.485886742
4459,0.495723128
4460,1.26827451
4461,0.374250143
4462,1.069020279
4463,6.21E-02
4464,0.325092661
4465,0.83418412
4466,0.311734636
4467,0.70198041
4468,0.405692935
4469,0.239252248
4470,0.534050803
4471,1.143380906
4472,1.128286673
4473,3.28E-02
4474,0.227496082
4475,1.38283119
4476,1.540784571
4477,0.510448585
4478,0.912662212
4479,1.109992716
4480,0.432131302
4481,0.781761785
4482,0.552535646
4483,0.159487866
4484,6.83E-02
4485,0.572354334
4486,0.153496113
4487,0.410536002
4488,1.217319813
4489,0.779398974
4490,0.78461193
4491,1.482344972
4492,0.660596509
4493,0.897876132
4494,5.58E-02
4495,1.109016533
4496,0.264175533
4497,0.577955912
4498,0.135909862
4499,0.609512222
4500,9.09E-03
4501,0.557885158
4502,0.696583657
4503,0.984068329
4504,0.560208105
4505,0.473239452
4506,0.38214788
4507,0.347993216
4508,0.824239426
4509,4.44E-02
4510,2.26E-02
4511,0.406871357
4512,0.383618482
4513,0.236535814
4514,0.410626159
4515,0.273144102
4516,0.308764617
4517,0.45892791
4518,0.461254073
4519,0.363124558
4520,0.29832635
4521,0.308111563
4522,1.127218601
4523,0.707207368
4524,8.22E-04
4525,0.670597069
4526,0.482918803
4527,0.764838597
4528,6.99E-02
4529,0.695597475
4530,5.24E-02
4531,3.86E-02
4532,0.164909866
4533,0.16614011
4534,6.19E-02
4535,0.586395144
4536,0.262106165
4537,0.429617594
4538,0.368456233
4539,0.377831331
4540,8.77E-02
4541,4.94E-02
4542,0.880795372
4543,0.145520518
4544,1.038711194
4545,1.000022261
4546,0.476108191
4547,0.713334739
4548,0.192512148
4549,0.658664521
4550,0.493601349
4551,0.258239173
4552,1.065845818
4553,8.54E-02
4554,0.305121802
4555,0.607670397
4556,0.2021736
4557,0.24408114
4558,0.786253611
4559,3.33E-02
4560,0.419867858
4561,0.533266706
4562,0.242925192
4563,0.444344208
4564,1.90E-02
4565,0.593666921
4566,0.153036707
4567,0.351697616
4568,0.329675629
4569,9.17E-02
4570,0.421724119
4571,0.17491635
4572,0.392228882
4573,0.182816312
4574,0.856026441
4575,0.409908356
4576,0.575740958
4577,0.893380232
4578,0.698129628
4579,1.32E-02
4580,0.204884751
4581,0.374425768
4582,0.541053127
4583,8.24E-02
4584,0.539118005
4585,0.185440628
4586,0.422871611
4587,4.06E-02
4588,0.289149419
4589,0.572500747
4590,1.31746692
4591,0.163637508
4592,0.148141945
4593,4.34E-02
4594,0.010854575
4595,1.140366502
4596,1.034428318
4597,0.482965233
4598,0.594937023
4599,3.01E-03
4600,0.731547724
4601,0.961730099
4602,0.36444682
4603,0.980686566
4604,0.113740843
4605,4.36E-02
4606,0.33680915
4607,0.142652288
4608,0.190114213
4609,0.271963953
4610,0.15230916
4611,8.05E-02
4612,0.69566438
4613,0.736140526
4614,0.397314369
4615,1.044930614
4616,0.47920574
4617,1.204270039
4618,0.353228666
4619,0.230836343
4620,0.445245349
4621,0.195583073
4622,0.24680976
4623,0.541731566
4624,0.584197852
4625,0.218354304
4626,0.047289132
4627,0.601032073
4628,0.497473956
4629,0.408898396
4630,0.72704068
4631,1.187677659
4632,0.162000557
4633,0.435445604
4634,0.531326902
4635,6.01E-02
4636,0.527359876
4637,0.688438026
4638,0.94341072
4639,7.95E-02
4640,0.620154496
4641,0.493498772
4642,0.336043488
4643,0.266165049
4644,0.139821161
4645,1.072640174
4646,0.321858581
4647,0.443542458
4648,0.77835223
4649,0.569551783
4650,0.54282292
4651,0.16438592
4652,0.44917876
4653,7.73E-02
4654,6.72E-02
4655,0.659602308
4656,0.609250409
4657,1.033879949
4658,0.400025422
4659,0.505119334
4660,7.54E-02
4661,0.444748773
4662,0.24420433
4663,0.4530166
4664,1.266279837
4665,0.430995044
4666,0.226744898
4667,0.364645928
4668,0.156452642
4669,0.268410136
4670,0.585470135
4671,0.289736593
4672,6.25E-02
4673,0.561804178
4674,0.304231921
4675,0.137107413
4676,0.134902553
4677,0.138640228
4678,0.237833024
4679,4.24E-02
4680,0.0730268
4681,0.120243272
4682,7.47E-02
4683,0.316276659
4684,0.341354153
4685,0.549064254
4686,0.512466202
4687,0.812256174
4688,0.663545967
4689,0.496643069
4690,1.231326884
4691,0.799709096
4692,0.744083601
4693,1.230762593
4694,0.764754278
4695,1.029814632
4696,0.621730029
4697,0.601977207
4698,0.838896648
4699,0.32968356
4700,0.984073116
4701,8.64E-02
4702,0.315633275
4703,0.402263007
4704,0.839558775
4705,0.574428203
4706,0.180921768
4707,0.12477645
4708,0.610042843
4709,6.91E-02
4710,1.464511858
4711,0.161799216
4712,0.991612594
4713,0.361828741
4714,0.141848666
4715,0.278769818
4716,0.10422681
4717,0.420560993
4718,0.664185951
4719,1.237665292
4720,0.283700727
4721,0.435081911
4722,1.22E-02
4723,1.322844562
4724,1.14831116
4725,0.338241833
4726,0.329507491
4727,1.070385525
4728,0.456679645
4729,0.087510176
4730,7.66E-02
4731,0.609962515
4732,0.361731337
4733,0.232867969
4734,0.485129011
4735,0.142198884
4736,0.585861308
4737,0.69214853
4738,0.127033066
4739,0.113766401
4740,0.462859776
4741,0.463884436
4742,0.316595181
4743,1.254542427
4744,0.230560716
4745,0.182375296
4746,0.223151457
4747,0.307053991
4748,8.68E-02
4749,0.148029096
4750,0.203635752
4751,0.422269189
4752,8.09E-03
4753,0.3470793
4754,0.695186294
4755,0.52064216
4756,0.538587152
4757,0.191756797
4758,0.589546643
4759,2.76E-02
4760,0.46831131
4761,0.394888417
4762,0.217858403
4763,0.303857162
4764,0.613232429
4765,3.87E-02
4766,0.171666812
4767,0.240490632
4768,0.034706967
4769,0.315561573
4770,0.434747078
4771,0.191738379
4772,0.795854759
4773,0.412067771
4774,0.19654924
4775,0.328987751
4776,0.603889719
4777,0.821121923
4778,0.232544119
4779,0.544574667
4780,0.181936394
4781,0.548476225
4782,0.58992046
4783,0.341260429
4784,0.205911523
4785,0.614393116
4786,0.135532854
4787,0.507111435
4788,0.153573516
4789,0.231360393
4790,0.115541308
4791,2.01E-02
4792,0.385511099
4793,1.089862831
4794,0.665930295
4795,0.125681611
4796,0.536431382
4797,0.482020271
4798,0.21080551
4799,0.245813149
4800,0.343097126
4801,5.44E-02
4802,0.707898534
4803,0.283636932
4804,0.382893649
4805,0.137713322
4806,0.287156746
4807,2.45E-02
4808,0.204576691
4809,0.567346173
4810,0.890064715
4811,0.264530022
4812,1.065362563
4813,0.415033695
4814,0.913230067
4815,0.388452027
4816,0.540408378
4817,8.83E-02
4818,0.220911308
4819,0.158731122
4820,0.377607686
4821,6.75E-02
4822,9.96E-02
4823,0.166235627
4824,0.18452598
4825,0.820796955
4826,0.272324086
4827,0.030353713
4828,0.331710173
4829,0.717698248
4830,0.30567803
4831,0.590932011
4832,0.489147502
4833,0.098159418
4834,0.863977506
4835,0.817342371
4836,0.375462923
4837,0.194150739
4838,0.370216106
4839,0.125708193
4840,0.210259749
4841,0.488591708
4842,0.155999852
4843,0.534943102
4844,9.46E-02
4845,0.768820662
4846,0.276312691
4847,0.632895865
4848,0.100922753
4849,0.530403748
4850,0.684489723
4851,0.132276165
4852,8.02E-02
4853,0.500913192
4854,7.50E-03
4855,0.474178734
4856,0.133859012
4857,0.044087562
4858,0.52649268
4859,0.742190301
4860,0.378272374
4861,0.902781022
4862,0.699802689
4863,0.685697479
4864,0.569745503
4865,0.170993861
4866,0.817591015
4867,0.211722
4868,0.115954561
4869,2.33E-02
4870,0.127292963
4871,1.07056319
4872,0.342464548
4873,0.545529925
4874,0.733032784
4875,0.801804034
4876,0.537194673
4877,0.548157517
4878,8.37E-02
4879,0.139905624
4880,0.9725408
4881,0.152922334
4882,1.237479742
4883,0.046144073
4884,0.175258841
4885,0.288029859
4886,0.288100162
4887,0.542473745
4888,0.509077821
4889,0.301105454
4890,0.328427294
4891,0.552550418
4892,0.645365225
4893,0.359660448
4894,0.387614542
4895,0.295938297
4896,0.174693906
4897,1.069740157
4898,0.453258433
4899,0.548497924
4900,2.38E-02
4901,7.90E-03
4902,3.09E-02
4903,9.57E-04
4904,1.43E-02
4905,0.113676137
4906,0.201301679
4907,0.076742501
4908,0.331626708
4909,0.345538219
4910,0.435986474
4911,0.428136079
4912,0.589331599
4913,0.340772014
4914,0.304036197
4915,0.515519034
4916,0.870875838
4917,0.601311337
4918,0.244554528
4919,0.395321382
4920,0.176998557
4921,0.181509531
4922,0.342493995
4923,1.24E-02
4924,0.680733742
4925,6.76E-02
4926,5.21E-02
4927,0.477113038
4928,0.19676444
4929,0.490801549
4930,0.275477249
4931,0.13135491
4932,7.21E-02
4933,0.131041672
4934,0.210903255
4935,7.93E-02
4936,1.354234243
4937,8.26E-02
4938,0.540962377
4939,0.961828983
4940,0.344996666
4941,0.262893913
4942,0.55312307
4943,0.182988284
4944,0.647495745
4945,0.796288073
4946,1.319163863
4947,0.803071752
4948,4.02E-02
4949,0.380479349
4950,0.63915258
4951,6.01E-03
4952,0.626812036
4953,3.50E-02
4954,1.23631072
4955,9.16E-02
4956,0.567317863
4957,0.526304383
4958,0.317451939
4959,0.267627872
4960,0.55815569
4961,0.291800458
4962,0.607524632
4963,0.388316542
4964,0.361598737
4965,0.574877761
4966,0.463206386
4967,0.404531341
4968,0.845245317
4969,0.438320038
4970,0.168491187
4971,0.223737468
4972,0.866054456
4973,0.253321875
4974,0.789144541
4975,0.372180671
4976,0.216100082
4977,0.409773635
4978,6.28E-02
4979,0.198389397
4980,0.559708485
4981,0.498826658
4982,0.91523601
4983,0.307513443
4984,0.568200745
4985,0.638531739
4986,9.26E-02
4987,0.795596717
4988,1.085270675
4989,0.614075022
4990,0.488930735
4991,0.35064433
4992,0.276933897
4993,3.30E-02
4994,0.729040535
4995,0.121663464
4996,0.37811373
4997,0.124170242
4998,1.19541424
4999,1.210262101
5000,1.224994143
