File,Number,Date,Time,so2 (ppm.m),so2 error,a,a_e,b,b_e,c,c_e,d,d_e,e,e_e,shift,shift_e,stretch,stretch_e,ring,ring_e,so2,so2_e,no2,no2_e,o3,o3_e,LDF,LDF_e,Fit window: 306.0 - 319.9 nm,ILS width: 0.52ILS Gauss Weight: 1.0
C:/Users/mqbpwbe2/Dropbox/Fieldwork/05 2017 Montserrat/2017-05-18/helitrav1/rt_so2_out (ours)/spectra/spectrum_00180.txt,180,2017-05-18,13:04:50,42.0628030248,955.32672965,4.85798358069e-14,nan,-6.0893071894e-11,nan,2.86208884583e-08,nan,-5.97844128626e-06,nan,0.000468269939354,nan,-0.19930543234,0.590651638644,0.0509533500597,0.937560359943,1.12592353255,34.8245468763,1.0360068385e+17,2.35296973513e+18,1.0019360707e+17,7.10625827745e+18,1.00096543592e+19,1.18721779753e+19,0.10007639736,2.40981066077
C:/Users/mqbpwbe2/Dropbox/Fieldwork/05 2017 Montserrat/2017-05-18/helitrav1/rt_so2_out (ours)/spectra/spectrum_00181.txt,181,2017-05-18,13:04:51,-8.36790254325,22.3396968324,1.52821917249e-17,7.90898033141e-18,-2.09512342445e-14,7.61394061375e-15,1.06927919273e-11,3.23445880611e-12,-2.41050290107e-09,8.01019188255e-10,2.02710282862e-07,8.27635512112e-08,-0.327327208591,0.00723461545556,0.0324259257295,0.0106406239577,2.90925363898,0.261372966255,-2.0610143964e+16,5.50226732982e+16,2.8713334423e+14,1.16431001047e+17,9.2585360204e+18,3.25260766482e+17,0.100454343058,2.42327720785
C:/Users/mqbpwbe2/Dropbox/Fieldwork/05 2017 Montserrat/2017-05-18/helitrav1/rt_so2_out (ours)/spectra/spectrum_00182.txt,182,2017-05-18,13:04:53,0.0,0.0,0.0,0.0,0.0,0.0,0.0,0.0,0.0,0.0,0.0,0.0,0.0,0.0,0.0,0.0,0.0,0.0,0.0,0.0,0.0,0.0,0.0,0.0,0.0,0.0
C:/Users/mqbpwbe2/Dropbox/Fieldwork/05 2017 Montserrat/2017-05-18/helitrav1/rt_so2_out (ours)/spectra/spectrum_00183.txt,183,2017-05-18,13:04:54,-12.5585829095,nan,-6.6188615423e-18,nan,6.50793080555e-15,8.42001543271e-15,-2.21440852595e-12,3.74697967145e-12,2.85259723569e-10,nan,-8.36908345777e-09,nan,-0.323943492504,0.00780070490859,0.0302524872135,0.0114316792209,2.8384507994,0.283762589021,-3.0931789706e+16,nan,7.16045846844e+16,1.21558466649e+17,9.64311179171e+18,3.13145426637e+17,0.0999213108866,nan
C:/Users/mqbpwbe2/Dropbox/Fieldwork/05 2017 Montserrat/2017-05-18/helitrav1/rt_so2_out (ours)/spectra/spectrum_00184.txt,184,2017-05-18,13:04:55,-15.8907768479,nan,-6.97734964034e-18,nan,7.19565419375e-15,nan,-2.65001631008e-12,nan,3.99784673934e-10,6.52532624721e-10,-1.91883536351e-08,nan,-0.328345667065,0.00742983538816,0.0349350717584,0.0108882699339,3.01483247227,0.269167330675,-3.91389833763e+16,nan,-2.94196705855e+17,1.01167421895e+17,9.75726427245e+18,9.28253147614e+16,0.223361750285,nan
C:/Users/mqbpwbe2/Dropbox/Fieldwork/05 2017 Montserrat/2017-05-18/helitrav1/rt_so2_out (ours)/spectra/spectrum_00185.txt,185,2017-05-18,13:04:57,-6.29059726256,34.7957489829,-6.39493087524e-18,9.61652627584e-18,6.72019487023e-15,3.90070294955e-15,-2.54851813495e-12,nan,4.04585939515e-10,7.10275565317e-10,-2.16457766155e-08,1.14384366963e-07,-0.329035471762,0.00740099387269,0.0319738716032,0.0108578474043,3.04152742099,0.2671579096,-1.54937410577e+16,8.57019297449e+16,-1.83802753947e+17,1.17499722901e+17,9.24993482866e+18,3.18906364254e+17,0.351513500484,7.26656667099
C:/Users/mqbpwbe2/Dropbox/Fieldwork/05 2017 Montserrat/2017-05-18/helitrav1/rt_so2_out (ours)/spectra/spectrum_00186.txt,186,2017-05-18,13:04:58,0.0,0.0,0.0,0.0,0.0,0.0,0.0,0.0,0.0,0.0,0.0,0.0,0.0,0.0,0.0,0.0,0.0,0.0,0.0,0.0,0.0,0.0,0.0,0.0,0.0,0.0
C:/Users/mqbpwbe2/Dropbox/Fieldwork/05 2017 Montserrat/2017-05-18/helitrav1/rt_so2_out (ours)/spectra/spectrum_00187.txt,187,2017-05-18,13:04:59,-7.03635175079,11.8002275965,-3.94272446675e-17,7.77702813128e-18,4.78169145072e-14,8.62639244026e-15,-2.17196607096e-11,3.67072137467e-12,4.37874488422e-09,7.26884429158e-10,-3.30538825402e-07,5.75243879171e-08,-0.337026240194,0.00698068884808,0.0465534784851,0.0102301261818,3.01680220837,0.250917822196,-1.73305343622e+16,2.90639605702e+16,-1.57233589706e+17,1.12331061278e+17,9.28129643722e+18,3.13636808148e+17,0.0949059374011,1.22451141201
C:/Users/mqbpwbe2/Dropbox/Fieldwork/05 2017 Montserrat/2017-05-18/helitrav1/rt_so2_out (ours)/spectra/spectrum_00188.txt,188,2017-05-18,13:05:01,-17.5273965748,nan,-1.11295949867e-17,nan,1.22881189671e-14,nan,-4.99108648782e-12,nan,8.77884309122e-10,nan,-5.57840981577e-08,nan,-0.331866553181,0.00719568336215,0.0416351237739,0.0105168701079,3.29308865857,0.257075244355,-4.31699777639e+16,nan,-1.59146285905e+17,3.00009611558e+16,9.69418565973e+18,nan,0.0825362864755,nan
C:/Users/mqbpwbe2/Dropbox/Fieldwork/05 2017 Montserrat/2017-05-18/helitrav1/rt_so2_out (ours)/spectra/spectrum_00189.txt,189,2017-05-18,13:05:02,0.0,0.0,0.0,0.0,0.0,0.0,0.0,0.0,0.0,0.0,0.0,0.0,0.0,0.0,0.0,0.0,0.0,0.0,0.0,0.0,0.0,0.0,0.0,0.0,0.0,0.0
C:/Users/mqbpwbe2/Dropbox/Fieldwork/05 2017 Montserrat/2017-05-18/helitrav1/rt_so2_out (ours)/spectra/spectrum_00190.txt,190,2017-05-18,13:05:03,-11.236249119,18.4640355043,-2.73624557254e-17,nan,3.26423845064e-14,nan,-1.45627620119e-11,nan,2.87858747321e-09,nan,-2.12624165391e-07,1.54549830983e-08,-0.334501731052,0.00686507665613,0.0439050591713,0.0100717326623,3.2103438519,0.246316970349,-2.76748815801e+16,4.54769194471e+16,-1.24925042184e+17,1.09567710269e+17,9.44804681711e+18,3.05972886176e+17,0.0880117378956,1.66989413689
C:/Users/mqbpwbe2/Dropbox/Fieldwork/05 2017 Montserrat/2017-05-18/helitrav1/rt_so2_out (ours)/spectra/spectrum_00191.txt,191,2017-05-18,13:05:05,-3.09009271173,10.560400057,-2.36941693996e-17,nan,2.80761139866e-14,nan,-1.24332417441e-11,nan,2.43764863152e-09,nan,-1.7842370361e-07,1.88499325982e-08,-0.335433938255,0.00714637301863,0.0448325522594,0.0104754125281,3.17179801113,0.255093313054,-7.61089834899e+15,2.60102653405e+16,-1.34319016115e+17,1.14058598526e+17,9.06153674898e+18,3.15590435154e+17,0.0427040637721,1.93452882142
C:/Users/mqbpwbe2/Dropbox/Fieldwork/05 2017 Montserrat/2017-05-18/helitrav1/rt_so2_out (ours)/spectra/spectrum_00192.txt,192,2017-05-18,13:05:06,-7.28244858896,16.0223778971,-2.32467352077e-17,6.09029183575e-18,2.78839013053e-14,6.68906556709e-15,-1.25146465289e-11,2.88659561304e-12,2.49022094139e-09,5.99277799638e-10,-1.85306287275e-07,5.0687162176e-08,-0.330010805362,0.0071764009061,0.0347595807615,0.0105254278729,3.00283742988,0.257797481474,-1.79366708746e+16,3.94631167604e+16,-1.85290601509e+17,1.14946323448e+17,9.38393699017e+18,3.20615446774e+17,0.499588129927,2.06408446496
C:/Users/mqbpwbe2/Dropbox/Fieldwork/05 2017 Montserrat/2017-05-18/helitrav1/rt_so2_out (ours)/spectra/spectrum_00193.txt,193,2017-05-18,13:05:07,-5.89803933122,17.1825068209,-2.51369766712e-17,nan,2.90372056052e-14,nan,-1.24845700239e-11,nan,2.3642279188e-09,nan,-1.66033863176e-07,8.06953416332e-08,-0.328422685428,0.00751586568995,0.0363567425032,0.0110188316092,3.30531061607,0.268397692649,-1.45268708728e+16,4.23205142998e+16,-6.04392971857e+16,1.19583528231e+17,9.36212650619e+18,3.32547285143e+17,-0.292828420477,2.0119654332
C:/Users/mqbpwbe2/Dropbox/Fieldwork/05 2017 Montserrat/2017-05-18/helitrav1/rt_so2_out (ours)/spectra/spectrum_00194.txt,194,2017-05-18,13:05:09,-14.3651720755,20.7927557143,-2.22181509112e-17,2.1410398896e-18,2.72502229387e-14,2.49183363915e-15,-1.25263983838e-11,1.12549406976e-12,2.5576918297e-09,2.36007802754e-10,-1.95716790109e-07,1.93723988404e-08,-0.332225480308,0.0077709519218,0.0394235532763,0.0113811348617,2.88233827072,0.279895872967,-3.53814188221e+16,5.12125573244e+16,-1.74765102046e+17,1.25003195763e+17,8.99673786834e+18,3.47735124823e+17,0.884594508004,1.46607278154
C:/Users/mqbpwbe2/Dropbox/Fieldwork/05 2017 Montserrat/2017-05-18/helitrav1/rt_so2_out (ours)/spectra/spectrum_00195.txt,195,2017-05-18,13:05:10,-8.41902515647,25.9492181248,-2.12354831059e-17,1.9929152958e-17,2.5131935539e-14,2.12898096982e-14,-1.11150354489e-11,8.47601639287e-12,2.17620865939e-09,1.52004533092e-09,-1.5905359109e-07,1.07842063002e-07,-0.332836179526,0.00769428235572,0.039793160267,0.0112664890645,2.82285207927,0.27633999505,-2.07360589604e+16,6.39129242414e+16,-9.5812550414e+16,1.23822367304e+17,9.03213232938e+18,3.54002643273e+17,0.0993500140213,3.32278464467
C:/Users/mqbpwbe2/Dropbox/Fieldwork/05 2017 Montserrat/2017-05-18/helitrav1/rt_so2_out (ours)/spectra/spectrum_00196.txt,196,2017-05-18,13:05:11,-9.15286722618,23.5656605803,-2.01888924693e-17,3.40877251124e-18,2.4490093018e-14,3.8770274949e-15,-1.11269866011e-11,1.71377034796e-12,2.24397549536e-09,3.5471636742e-10,-1.69461069428e-07,2.90989909275e-08,-0.330280127673,0.00697241034002,0.0369413809762,0.0102052649313,2.98539016431,0.2492481492,-2.25435119781e+16,5.80422220092e+16,-6.35660043254e+16,1.11338156554e+17,9.04484611296e+18,3.0935460524e+17,1.54108850293,2.54045976536
C:/Users/mqbpwbe2/Dropbox/Fieldwork/05 2017 Montserrat/2017-05-18/helitrav1/rt_so2_out (ours)/spectra/spectrum_00197.txt,197,2017-05-18,13:05:13,-1.47949741631,19.8054232102,-1.75446268941e-17,nan,2.11660171237e-14,nan,-9.55974198622e-12,nan,1.91549300688e-09,nan,-1.43635899225e-07,nan,-0.329028022296,0.00755605263914,0.0366220560175,0.0110713597819,2.75637453899,0.27291175602,-3.64400213638e+15,4.87807573667e+16,-1.45434625023e+17,1.21987358874e+17,9.22295178695e+18,3.37761815588e+17,1.01111924801,2.90904966192
C:/Users/mqbpwbe2/Dropbox/Fieldwork/05 2017 Montserrat/2017-05-18/helitrav1/rt_so2_out (ours)/spectra/spectrum_00198.txt,198,2017-05-18,13:05:14,-12.3937401408,20.5693360319,-2.89831535258e-17,5.02872503128e-18,3.54901411894e-14,5.89801059253e-15,-1.62860408318e-11,2.62850022825e-12,3.31921354563e-09,5.30570533761e-10,-2.53484573573e-07,4.11184500453e-08,-0.331833610377,0.00764879980724,0.0410699118468,0.0112026388015,2.94386092535,0.274466006706,-3.05257819667e+16,5.06622746466e+16,-1.29841873702e+17,1.22530410206e+17,9.25904621529e+18,3.41095011402e+17,0.87334621509,1.74524995784
C:/Users/mqbpwbe2/Dropbox/Fieldwork/05 2017 Montserrat/2017-05-18/helitrav1/rt_so2_out (ours)/spectra/spectrum_00199.txt,199,2017-05-18,13:05:15,0.0,0.0,0.0,0.0,0.0,0.0,0.0,0.0,0.0,0.0,0.0,0.0,0.0,0.0,0.0,0.0,0.0,0.0,0.0,0.0,0.0,0.0,0.0,0.0,0.0,0.0
C:/Users/mqbpwbe2/Dropbox/Fieldwork/05 2017 Montserrat/2017-05-18/helitrav1/rt_so2_out (ours)/spectra/spectrum_00200.txt,200,2017-05-18,13:05:17,1.46192884974,10.0800053197,-3.61137397813e-17,nan,4.34913550751e-14,nan,-1.96059610354e-11,nan,3.92046120853e-09,nan,-2.93334462139e-07,nan,-0.330732196423,0.00701701465507,0.0402036956436,0.0102598479085,2.90875259422,0.250496061615,3.6007307569e+15,2.48270531024e+16,-9.95111520568e+16,1.11697027711e+17,9.21044986788e+18,3.10035320977e+17,0.0560655763943,1.20625987464
C:/Users/mqbpwbe2/Dropbox/Fieldwork/05 2017 Montserrat/2017-05-18/helitrav1/rt_so2_out (ours)/spectra/spectrum_00201.txt,201,2017-05-18,13:05:18,-11.3755795982,16.4077041564,-3.51717425992e-17,6.53162912799e-18,4.28116352484e-14,7.47041936847e-15,-1.95226481567e-11,3.2694171524e-12,3.95255658987e-09,6.56985615234e-10,-2.9974302014e-07,5.15945321524e-08,-0.326136152991,0.00745840244589,0.0333832016201,0.0109356809883,3.17121859201,0.267112038713,-2.80180525504e+16,4.04121753372e+16,-1.12388724961e+17,1.192761555e+17,9.18914770831e+18,3.28071663338e+17,0.35473884906,1.37699219449
C:/Users/mqbpwbe2/Dropbox/Fieldwork/05 2017 Montserrat/2017-05-18/helitrav1/rt_so2_out (ours)/spectra/spectrum_00202.txt,202,2017-05-18,13:05:19,-6.87777277942,13.4275374427,-3.19190644986e-17,6.65105783412e-18,3.84837223046e-14,7.4909763501e-15,-1.73689631629e-11,3.3769303554e-12,3.47736725771e-09,7.35458109934e-10,-2.60508643444e-07,6.42156505363e-08,-0.331575260975,0.00732059897974,0.0401014053834,0.0107245787081,2.99450193276,0.262671635561,-1.69399543557e+16,3.30720247213e+16,-1.16255405138e+17,1.17330584617e+17,9.41994042679e+18,3.29333715312e+17,0.183551698169,1.5511270162
C:/Users/mqbpwbe2/Dropbox/Fieldwork/05 2017 Montserrat/2017-05-18/helitrav1/rt_so2_out (ours)/spectra/spectrum_00203.txt,203,2017-05-18,13:05:21,0.0,0.0,0.0,0.0,0.0,0.0,0.0,0.0,0.0,0.0,0.0,0.0,0.0,0.0,0.0,0.0,0.0,0.0,0.0,0.0,0.0,0.0,0.0,0.0,0.0,0.0
C:/Users/mqbpwbe2/Dropbox/Fieldwork/05 2017 Montserrat/2017-05-18/helitrav1/rt_so2_out (ours)/spectra/spectrum_00204.txt,204,2017-05-18,13:05:22,-3.12436804263,10.7147715706,-4.91613353003e-17,1.04144582772e-17,5.91694697864e-14,1.13395667414e-14,-2.66588622738e-11,4.88503058779e-12,5.32812219073e-09,1.02364301092e-09,-3.98492673537e-07,8.79070652858e-08,-0.332914388253,0.00711855453201,0.0415720086736,0.0103667513895,1.85220697935,0.258072032007,-7.695318489e+15,2.63904823784e+16,-1.47313020163e+17,1.15475326637e+17,8.68656021655e+18,3.18677946792e+17,0.0871421450479,1.38623098965
C:/Users/mqbpwbe2/Dropbox/Fieldwork/05 2017 Montserrat/2017-05-18/helitrav1/rt_so2_out (ours)/spectra/spectrum_00205.txt,205,2017-05-18,13:05:23,-1.87446315942,12.3957912884,-4.52749926693e-17,3.83815316699e-17,5.48819680975e-14,4.72300662657e-14,-2.49177765161e-11,2.1837151342e-11,5.02163314365e-09,4.4971641972e-09,-3.78963468296e-07,3.48136222426e-07,-0.329781916157,0.00732491829508,0.0376222592568,0.0106577944065,2.08459501326,0.263477797572,-4.61680276164e+15,3.05308339433e+16,-9.38949002153e+16,1.18138207843e+17,8.76284658909e+18,3.28824265306e+17,0.270908446738,1.57748741571
C:/Users/mqbpwbe2/Dropbox/Fieldwork/05 2017 Montserrat/2017-05-18/helitrav1/rt_so2_out (ours)/spectra/spectrum_00206.txt,206,2017-05-18,13:05:25,-6.50269620833,14.9498624376,-3.02413563436e-17,4.00381838683e-17,3.54873595875e-14,4.79258124342e-14,-1.5539627193e-11,2.1695323025e-11,3.00704500354e-09,4.41291261437e-09,-2.16733402182e-07,3.41014572212e-07,-0.329662106357,0.00717636431832,0.036573037209,0.010483252203,2.71738010613,0.257797048246,-1.60161407611e+16,3.68215111839e+16,-1.7728784147e+17,1.14816030893e+17,9.42341601805e+18,3.19920119611e+17,-0.19174165211,1.72740686451
C:/Users/mqbpwbe2/Dropbox/Fieldwork/05 2017 Montserrat/2017-05-18/helitrav1/rt_so2_out (ours)/spectra/spectrum_00207.txt,207,2017-05-18,13:05:26,2.69814120864,19.5390184723,-2.84047204024e-17,nan,3.46297628871e-14,nan,-1.58185852014e-11,nan,3.20852021055e-09,nan,-2.43802256541e-07,nan,-0.334794077376,0.00791950524587,0.0440609765192,0.0115892321198,2.85394610553,0.283893336712,6.64552179689e+15,4.81246024973e+16,-1.20026910555e+17,1.26880552182e+17,9.01776463055e+18,3.51912894125e+17,0.818853458381,1.76338995636
C:/Users/mqbpwbe2/Dropbox/Fieldwork/05 2017 Montserrat/2017-05-18/helitrav1/rt_so2_out (ours)/spectra/spectrum_00208.txt,208,2017-05-18,13:05:27,9.23580054964,19.3959500711,-3.30941636704e-17,9.39567034187e-18,3.97691705128e-14,1.00789150557e-14,-1.78855827075e-11,4.1738510838e-12,3.5671195235e-09,8.25057327603e-10,-2.66126449281e-07,6.74840949272e-08,-0.332835926759,0.00756186542586,0.0415074480833,0.0110486900327,2.58695077979,0.271970016256,2.27477767538e+16,4.7772225025e+16,-1.39655268489e+17,1.21518626643e+17,9.16718723753e+18,3.37261084736e+17,0.172191353321,1.7604037873
C:/Users/mqbpwbe2/Dropbox/Fieldwork/05 2017 Montserrat/2017-05-18/helitrav1/rt_so2_out (ours)/spectra/spectrum_00209.txt,209,2017-05-18,13:05:29,10.6362960284,31.5581947387,-3.50776400082e-17,nan,4.08692800881e-14,nan,-1.77517654076e-11,nan,3.40326490036e-09,nan,-2.42640165618e-07,nan,-0.331967459225,0.00720421674387,0.0411683076314,0.0105259234534,2.99597500528,0.255577108372,2.6197197118e+16,7.77278336414e+16,-7.36451399713e+16,1.13771429424e+17,9.08449031431e+18,3.21542084979e+17,-0.418652307709,1.64233843835
C:/Users/mqbpwbe2/Dropbox/Fieldwork/05 2017 Montserrat/2017-05-18/helitrav1/rt_so2_out (ours)/spectra/spectrum_00210.txt,210,2017-05-18,13:05:30,21.7198840593,37.5507064702,-2.0087640264e-17,nan,2.41718754085e-14,nan,-1.08867025535e-11,nan,2.174643309e-09,nan,-1.62513219592e-07,nan,-0.329844186739,0.00711123293422,0.0411494115329,0.010374195726,2.96616862051,0.253543286988,5.3496074438e+16,9.24873900361e+16,-9.04239542724e+16,1.13635167748e+17,9.32992065691e+18,3.15851225047e+17,0.754825329197,2.49541621414
C:/Users/mqbpwbe2/Dropbox/Fieldwork/05 2017 Montserrat/2017-05-18/helitrav1/rt_so2_out (ours)/spectra/spectrum_00211.txt,211,2017-05-18,13:05:31,13.9500624047,30.7879415043,-2.33995827914e-17,2.66318316571e-18,2.77455833138e-14,nan,-1.2294892967e-11,nan,2.41204185995e-09,nan,-1.76654718463e-07,nan,-0.33232136048,0.00743766388644,0.0417611266857,0.0108606237529,2.89645578608,0.264372056223,3.43590037027e+16,7.58306999252e+16,-2.00437179347e+17,1.17933671772e+17,9.28175462797e+18,3.26316564559e+17,0.0890866418759,2.12557241601
C:/Users/mqbpwbe2/Dropbox/Fieldwork/05 2017 Montserrat/2017-05-18/helitrav1/rt_so2_out (ours)/spectra/spectrum_00212.txt,212,2017-05-18,13:05:33,30.1551994181,63.4588140172,-2.4744583435e-17,nan,2.94685406413e-14,nan,-1.31224716603e-11,nan,2.58870835111e-09,nan,-1.90798509587e-07,nan,-0.333803869294,0.00751611012252,0.0438762570389,0.0109557517906,2.57575798613,0.268226783504,7.42722561667e+16,1.56299058924e+17,-1.49853157176e+17,1.188554958e+17,9.14426145182e+18,3.30782584531e+17,0.194326817398,2.35379337071
C:/Users/mqbpwbe2/Dropbox/Fieldwork/05 2017 Montserrat/2017-05-18/helitrav1/rt_so2_out (ours)/spectra/spectrum_00213.txt,213,2017-05-18,13:05:34,42.1771696064,59.9305345547,-3.94340761361e-17,nan,4.75905659272e-14,nan,-2.15022158499e-11,nan,4.31000334896e-09,nan,-3.23318064471e-07,nan,-0.329219934966,0.00739277438747,0.0386833229452,0.010722218059,2.41627529379,0.260905463211,1.03882368741e+17,1.47608906608e+17,-1.71865468358e+17,1.15198655862e+17,9.29085737334e+18,3.18756954336e+17,0.180298871887,1.55383551551
C:/Users/mqbpwbe2/Dropbox/Fieldwork/05 2017 Montserrat/2017-05-18/helitrav1/rt_so2_out (ours)/spectra/spectrum_00214.txt,214,2017-05-18,13:05:35,203.438123745,158.987779729,-3.79144341342e-17,nan,4.66276989908e-14,nan,-2.14936999931e-11,nan,4.40130797013e-09,nan,-3.37794546143e-07,nan,-0.329065771138,0.00757432277475,0.0362723520744,0.0109199335456,1.95253841352,0.265778916937,5.01068098784e+17,3.91586901473e+17,-1.0650188427e+17,1.1618856487e+17,9.08546027975e+18,3.32013080264e+17,1.53476105253,1.6426943021
C:/Users/mqbpwbe2/Dropbox/Fieldwork/05 2017 Montserrat/2017-05-18/helitrav1/rt_so2_out (ours)/spectra/spectrum_00215.txt,215,2017-05-18,13:05:37,99.4706572166,88.1240169767,-7.33099153818e-17,9.54648595316e-18,8.97256412169e-14,1.14873346162e-14,-4.11535735694e-11,5.31773109563e-12,8.38310284556e-09,1.12532521805e-09,-6.3987780053e-07,9.16843275065e-08,-0.329820669828,0.00747154172607,0.0376481910038,0.0107650017498,1.84139043647,0.260811597291,2.44996228725e+17,2.17049453814e+17,-1.8754998941e+17,1.15565680671e+17,9.00797453888e+18,3.26992894677e+17,0.210928338867,0.973288730539
C:/Users/mqbpwbe2/Dropbox/Fieldwork/05 2017 Montserrat/2017-05-18/helitrav1/rt_so2_out (ours)/spectra/spectrum_00216.txt,216,2017-05-18,13:05:38,115.022630541,93.880770503,-8.39301628166e-17,1.3286635393e-17,1.0287868731e-13,1.58884300227e-14,-4.72608406093e-11,7.19935823617e-12,9.64313457588e-09,1.46920281587e-09,-7.37340980758e-07,1.14180748914e-07,-0.333447761251,0.00730535578242,0.0444792396221,0.0105103547364,1.93338463257,0.253718646597,2.83300739023e+17,2.31228337749e+17,-1.51097597388e+17,1.11805879158e+17,8.97827122831e+18,3.1618180911e+17,0.144116290135,0.843910945582
C:/Users/mqbpwbe2/Dropbox/Fieldwork/05 2017 Montserrat/2017-05-18/helitrav1/rt_so2_out (ours)/spectra/spectrum_00217.txt,217,2017-05-18,13:05:39,146.484527356,95.2437235271,-8.14487604231e-17,nan,1.00515733145e-13,nan,-4.65025001558e-11,nan,9.55854517202e-09,nan,-7.36518798865e-07,nan,-0.331366759675,0.00792076273611,0.0400787449115,0.0113956958757,2.09212247341,0.273831430574,3.60791390878e+17,2.34585291047e+17,-1.38836358907e+17,1.20656899956e+17,8.940517348e+18,3.42291470145e+17,0.520447799148,0.857297883259
C:/Users/mqbpwbe2/Dropbox/Fieldwork/05 2017 Montserrat/2017-05-18/helitrav1/rt_so2_out (ours)/spectra/spectrum_00218.txt,218,2017-05-18,13:05:41,321.538437755,179.427455292,-5.48787240974e-17,nan,6.78887989425e-14,nan,-3.14858024415e-11,nan,6.48838225724e-09,nan,-5.01267163626e-07,nan,-0.331521717915,0.00770217252806,0.0414634602723,0.0110427936887,1.90639849204,0.264879218318,7.9194917219e+17,4.41929822383e+17,-8.03764655624e+16,1.14508938133e+17,8.91054213984e+18,3.33099584024e+17,1.72616428532,1.15034219666
C:/Users/mqbpwbe2/Dropbox/Fieldwork/05 2017 Montserrat/2017-05-18/helitrav1/rt_so2_out (ours)/spectra/spectrum_00219.txt,219,2017-05-18,13:05:42,392.054430602,246.507302831,-4.743817792e-17,nan,5.86651826883e-14,nan,-2.7199688886e-11,nan,5.6035334718e-09,nan,-4.32794297836e-07,nan,-0.336675196425,0.00809526970876,0.0470878525673,0.0115935854035,1.79163557335,0.278277716404,9.65630062573e+17,6.07147486872e+17,-1.41608774563e+17,1.19292588544e+17,8.63861235062e+18,3.4881265631e+17,2.01667278629,1.38532174575
C:/Users/mqbpwbe2/Dropbox/Fieldwork/05 2017 Montserrat/2017-05-18/helitrav1/rt_so2_out (ours)/spectra/spectrum_00220.txt,220,2017-05-18,13:05:43,1187.72152283,455.330698707,-1.90703034415e-17,1.56334231491e-18,2.34806455098e-14,1.94902943202e-15,-1.08376249863e-11,9.1338854978e-13,2.22233123945e-09,1.90717935906e-10,-1.70818462049e-07,1.49714858392e-08,-0.332723833184,0.00757613303868,0.0421607449526,0.0108275951862,1.76796425443,0.259731327776,2.92535811073e+18,1.12147951092e+18,-2.36796289161e+17,1.22665277941e+17,8.87599987381e+18,3.08687084058e+17,4.7988446868,0.909767112798
C:/Users/mqbpwbe2/Dropbox/Fieldwork/05 2017 Montserrat/2017-05-18/helitrav1/rt_so2_out (ours)/spectra/spectrum_00221.txt,221,2017-05-18,13:05:45,1285.10054963,413.556422932,-1.91350102162e-17,nan,2.3565257166e-14,nan,-1.0879618378e-11,nan,2.23169300269e-09,nan,-1.71608038101e-07,nan,-0.333783444729,0.00767503372195,0.0443427116266,0.0109537280721,1.91249052502,0.260899922722,3.16520265374e+18,1.01858946968e+18,-2.62448123436e+17,1.23139968531e+17,8.52459204851e+18,3.09180614234e+17,4.34581034103,0.664488265091
C:/Users/mqbpwbe2/Dropbox/Fieldwork/05 2017 Montserrat/2017-05-18/helitrav1/rt_so2_out (ours)/spectra/spectrum_00222.txt,222,2017-05-18,13:05:46,1270.26943049,355.109090243,-1.53063239376e-17,nan,1.87611700208e-14,nan,-8.61881670381e-12,nan,1.75876201281e-09,nan,-1.34502735518e-07,nan,-0.337460921643,0.00774135992182,0.0490582181912,0.0110244234323,1.83076017189,0.261193922837,3.1286736073e+18,8.7463368927e+17,-3.87601625858e+17,1.24621987653e+17,8.88538777143e+18,3.08060938099e+17,3.58627727899,0.506997432684
C:/Users/mqbpwbe2/Dropbox/Fieldwork/05 2017 Montserrat/2017-05-18/helitrav1/rt_so2_out (ours)/spectra/spectrum_00223.txt,223,2017-05-18,13:05:47,184.314119183,nan,-9.41765947085e-17,nan,1.16324790777e-13,nan,-5.38649552243e-11,nan,1.10822221901e-08,nan,-8.54749926448e-07,nan,-0.328574497563,0.00783339588438,0.0364316156136,0.0112016486057,2.00443903765,0.26667314584,4.53965675548e+17,nan,-9.58528162331e+16,1.13646511065e+17,8.92040092902e+18,3.34420268559e+17,0.272066800585,nan
C:/Users/mqbpwbe2/Dropbox/Fieldwork/05 2017 Montserrat/2017-05-18/helitrav1/rt_so2_out (ours)/spectra/spectrum_00224.txt,224,2017-05-18,13:05:49,1351.23138161,357.480734902,-1.26731130894e-17,nan,1.54295613825e-14,nan,-7.03801406166e-12,nan,1.42537699629e-09,nan,-1.08134727362e-07,nan,-0.338118175209,0.00772473917924,0.0500907007687,0.011002412639,2.23067827907,0.258667040529,3.32808289291e+18,8.80475050065e+17,-3.24027890674e+17,1.24585668062e+17,9.10368391326e+18,3.03443346457e+17,3.70327228482,0.47017519105
C:/Users/mqbpwbe2/Dropbox/Fieldwork/05 2017 Montserrat/2017-05-18/helitrav1/rt_so2_out (ours)/spectra/spectrum_00225.txt,225,2017-05-18,13:05:50,1060.18477897,337.292859161,-2.55559936395e-17,nan,3.15565481657e-14,nan,-1.46086242644e-11,nan,3.00493032667e-09,nan,-2.31723368651e-07,nan,-0.330079149858,0.00767460355085,0.0370683430801,0.0109214978078,1.87289132155,0.258021335465,2.61123511059e+18,8.30752312113e+17,-3.00271379536e+17,1.19650323028e+17,8.70605657566e+18,3.06545279594e+17,3.26625018727,0.614407589591
C:/Users/mqbpwbe2/Dropbox/Fieldwork/05 2017 Montserrat/2017-05-18/helitrav1/rt_so2_out (ours)/spectra/spectrum_00226.txt,226,2017-05-18,13:05:51,1340.8591955,377.512691656,-1.51297465747e-17,1.13226957827e-17,1.85454135503e-14,1.41969768628e-14,-8.52017550296e-12,6.67520516904e-12,1.73876727599e-09,1.39490026227e-09,-1.32986881938e-07,1.09306474377e-07,-0.334119006118,0.00788132087423,0.0443508532495,0.0112723760173,2.09730474862,0.266922926558,3.30253619852e+18,9.29813759549e+17,-2.94962174659e+17,1.36129609999e+17,8.87799361748e+18,3.27179495575e+17,3.6804482787,0.502574637381
C:/Users/mqbpwbe2/Dropbox/Fieldwork/05 2017 Montserrat/2017-05-18/helitrav1/rt_so2_out (ours)/spectra/spectrum_00227.txt,227,2017-05-18,13:05:53,1334.98190301,365.557240396,-1.38145750193e-17,nan,1.69161591903e-14,nan,-7.76363062057e-12,nan,1.58270707387e-09,nan,-1.2092101009e-07,nan,-0.335079450519,0.00765945621748,0.0448112103673,0.0109252800078,2.05974798367,0.258644520008,3.28806042712e+18,9.00367483095e+17,-2.92225428758e+17,1.23836660686e+17,8.67281262732e+18,3.05885274231e+17,3.81447911666,0.499909513442
C:/Users/mqbpwbe2/Dropbox/Fieldwork/05 2017 Montserrat/2017-05-18/helitrav1/rt_so2_out (ours)/spectra/spectrum_00228.txt,228,2017-05-18,13:05:54,0.0,0.0,0.0,0.0,0.0,0.0,0.0,0.0,0.0,0.0,0.0,0.0,0.0,0.0,0.0,0.0,0.0,0.0,0.0,0.0,0.0,0.0,0.0,0.0,0.0,0.0
C:/Users/mqbpwbe2/Dropbox/Fieldwork/05 2017 Montserrat/2017-05-18/helitrav1/rt_so2_out (ours)/spectra/spectrum_00229.txt,229,2017-05-18,13:05:55,124.776976037,54.899246536,-1.14763688059e-16,nan,1.41938397861e-13,nan,-6.58136700359e-11,nan,1.35592314352e-08,nan,-1.04727892179e-06,nan,-0.337394295727,0.00763681433798,0.0479089542536,0.0109872362909,2.40584940497,0.260981229673,3.07325691979e+17,1.35216844218e+17,-1.32892935224e+17,1.15189152609e+17,8.98957816918e+18,3.25326639463e+17,0.0821715512611,0.414135472718
C:/Users/mqbpwbe2/Dropbox/Fieldwork/05 2017 Montserrat/2017-05-18/helitrav1/rt_so2_out (ours)/spectra/spectrum_00230.txt,230,2017-05-18,13:05:56,96.1986353239,83.1215820168,-8.42918070563e-17,2.12019236925e-17,1.03419941314e-13,2.59038079321e-14,-4.7556280874e-11,1.19217276599e-11,9.71334382406e-09,2.45126826799e-09,-7.43498240111e-07,1.90102414561e-07,-0.327680300474,0.00772226370834,0.0355876559303,0.011112924149,2.32836137824,0.265988265415,2.36937238803e+17,2.04728456507e+17,-1.3134718024e+17,1.17349202754e+17,9.00750769706e+18,3.31889827469e+17,-0.0809961862889,0.728469841003
C:/Users/mqbpwbe2/Dropbox/Fieldwork/05 2017 Montserrat/2017-05-18/helitrav1/rt_so2_out (ours)/spectra/spectrum_00231.txt,231,2017-05-18,13:05:58,1444.37480353,464.887513837,-1.28028355854e-17,1.62818936446e-18,1.57665125799e-14,2.03913983681e-15,-7.2786524535e-12,9.58207430228e-13,1.49290136108e-09,2.00232769772e-10,-1.14782677401e-07,1.56997710296e-08,-0.335309990943,0.00712133801781,0.0452087732829,0.010206204884,2.40534693816,0.242775626111,3.55749514109e+18,1.14501794658e+18,-2.0336878158e+17,1.1722851167e+17,8.82408383104e+18,2.88756717681e+17,5.55338432656,0.742714594325
C:/Users/mqbpwbe2/Dropbox/Fieldwork/05 2017 Montserrat/2017-05-18/helitrav1/rt_so2_out (ours)/spectra/spectrum_00232.txt,232,2017-05-18,13:05:59,2179.21299903,638.445363066,-1.00615024828e-18,nan,1.03376705085e-15,nan,-3.79285968955e-13,nan,5.70042467397e-11,nan,-2.72569380396e-09,nan,-0.330648984664,0.00789201048106,0.040960628583,0.0113228464405,2.07003550994,0.275289870996,5.36740161661e+18,1.57249092923e+18,-3.76517220505e+17,1.38297877335e+17,8.97634683904e+18,3.31196619208e+17,6.75390503918,0.826364445347
C:/Users/mqbpwbe2/Dropbox/Fieldwork/05 2017 Montserrat/2017-05-18/helitrav1/rt_so2_out (ours)/spectra/spectrum_00233.txt,233,2017-05-18,13:06:00,0.0,0.0,0.0,0.0,0.0,0.0,0.0,0.0,0.0,0.0,0.0,0.0,0.0,0.0,0.0,0.0,0.0,0.0,0.0,0.0,0.0,0.0,0.0,0.0,0.0,0.0
C:/Users/mqbpwbe2/Dropbox/Fieldwork/05 2017 Montserrat/2017-05-18/helitrav1/rt_so2_out (ours)/spectra/spectrum_00234.txt,234,2017-05-18,13:06:02,83.4281482147,107.144427406,-6.2501066815e-17,1.3323616446e-17,7.58454916982e-14,1.50121776736e-14,-3.44733042053e-11,6.50878473362e-12,6.95496141903e-09,1.31076237454e-09,-5.25445048954e-07,1.04582465995e-07,-0.332148596738,0.00773199859303,0.0440155819803,0.0111097916956,1.89572425973,0.26887998696,2.05483529053e+17,2.63896724701e+17,-4.02235818651e+16,1.19109251847e+17,9.08348829836e+18,3.38784726932e+17,0.0984136266514,1.30479352844
C:/Users/mqbpwbe2/Dropbox/Fieldwork/05 2017 Montserrat/2017-05-18/helitrav1/rt_so2_out (ours)/spectra/spectrum_00235.txt,235,2017-05-18,13:06:03,138.298491732,122.40994414,-5.51583852515e-17,8.14401696986e-18,6.77297735201e-14,9.69348885236e-15,-3.11715170181e-11,4.37686807628e-12,6.37266624163e-09,8.91644038803e-10,-4.88275617565e-07,6.932738446e-08,-0.330342087721,0.00808320429777,0.0398378164526,0.0116449785419,2.17846506664,0.279950629567,3.40629185137e+17,3.01495692417e+17,-1.74596558305e+17,1.23011774855e+17,8.93908241532e+18,3.50808484898e+17,0.52067808852,1.18940307819
C:/Users/mqbpwbe2/Dropbox/Fieldwork/05 2017 Montserrat/2017-05-18/helitrav1/rt_so2_out (ours)/spectra/spectrum_00236.txt,236,2017-05-18,13:06:04,189.644247119,135.855071697,-4.51435754704e-17,nan,5.55660449883e-14,nan,-2.56376769406e-11,nan,5.25509879234e-09,nan,-4.03752750225e-07,nan,-0.331429626007,0.00750441089778,0.040994372275,0.0108146173982,2.2974027701,0.259573842204,4.67093780654e+17,3.34611041589e+17,-2.2473260949e+17,1.1334696542e+17,8.96347701133e+18,3.25843232809e+17,0.985122918474,1.20332749566
C:/Users/mqbpwbe2/Dropbox/Fieldwork/05 2017 Montserrat/2017-05-18/helitrav1/rt_so2_out (ours)/spectra/spectrum_00237.txt,237,2017-05-18,13:06:06,148.94934312,nan,-4.50038798693e-17,nan,5.5219511177e-14,nan,-2.53935159937e-11,nan,5.18695838866e-09,nan,-3.97058661021e-07,nan,-0.328024105144,0.00815159548678,0.0372316459533,0.0117723579469,2.37211884444,0.283423175608,3.66862232103e+17,nan,-1.64563480956e+17,1.23947375677e+17,9.13925137126e+18,3.38997191828e+17,0.622179374732,nan
C:/Users/mqbpwbe2/Dropbox/Fieldwork/05 2017 Montserrat/2017-05-18/helitrav1/rt_so2_out (ours)/spectra/spectrum_00238.txt,238,2017-05-18,13:06:07,1811.80594703,564.372800444,-1.14305006824e-17,1.28670909807e-18,1.40731698368e-14,1.61300035145e-15,-6.49528969255e-12,7.58639348246e-13,1.33187506763e-09,1.58662432744e-10,-1.0237334586e-07,1.24499886502e-08,-0.334922124736,0.00744474797577,0.0477722245207,0.0106515142696,2.1192486396,0.257250431692,4.46247804752e+18,1.39005020749e+18,-2.79807704473e+17,1.2672037293e+17,8.89840778554e+18,3.06604169032e+17,6.4900166267,0.756942659869
C:/Users/mqbpwbe2/Dropbox/Fieldwork/05 2017 Montserrat/2017-05-18/helitrav1/rt_so2_out (ours)/spectra/spectrum_00239.txt,239,2017-05-18,13:06:09,769.791522291,256.590133513,-9.86086784659e-17,2.10785353395e-18,1.2355917774e-13,2.63892820036e-15,-5.8055532743e-11,1.23961881993e-12,1.21229084192e-08,2.58949836623e-10,-9.49242411207e-07,2.02969193994e-08,-0.335138484241,0.00956061066655,0.0480598079829,0.013697936403,1.87667416367,0.331232906271,1.8959965194e+18,6.31981498841e+17,-2.73509986111e+16,1.42241836365e+17,8.66123298736e+18,4.12817230632e+17,3.99752900075,0.724974832484
C:/Users/mqbpwbe2/Dropbox/Fieldwork/05 2017 Montserrat/2017-05-18/helitrav1/rt_so2_out (ours)/spectra/spectrum_00240.txt,240,2017-05-18,13:06:10,88.0131244759,550.785295319,4.34085563927e-16,nan,-5.46475893097e-13,nan,2.57968922908e-10,nan,-5.41191319506e-08,nan,4.2573115918e-06,nan,-0.380982193713,0.081449783542,0.120817035017,0.119490857912,1.87468352847,2.93202834592,2.16776325584e+17,1.35658418237e+18,4.47336581377e+17,1.30716732485e+18,1.00640545236e+19,3.55260848093e+18,3.63425548442,2.4306807416
C:/Users/mqbpwbe2/Dropbox/Fieldwork/05 2017 Montserrat/2017-05-18/helitrav1/rt_so2_out (ours)/spectra/spectrum_00241.txt,241,2017-05-18,13:06:11,97.675613994,82.7070052334,-7.56100018555e-17,9.15180067174e-18,9.28338547463e-14,1.08616650012e-14,-4.2720537737e-11,4.92498597367e-12,8.73262490714e-09,1.01598888468e-09,-6.69000258427e-07,8.0618023871e-08,-0.330117469129,0.00816295831598,0.0437526183472,0.011735979865,2.16847674637,0.281814282351,2.40575037267e+17,2.0370735389e+17,-1.41917724786e+17,1.24878484093e+17,9.07730739741e+18,3.516510548e+17,0.100799725967,0.845795339562
C:/Users/mqbpwbe2/Dropbox/Fieldwork/05 2017 Montserrat/2017-05-18/helitrav1/rt_so2_out (ours)/spectra/spectrum_00242.txt,242,2017-05-18,13:06:12,65.2918812738,70.8187546392,-7.76714314992e-17,1.10852030642e-17,9.45412463999e-14,1.26382107796e-14,-4.3110892e-11,5.66642006972e-12,8.7280184458e-09,1.20252685859e-09,-6.61882838211e-07,1.01411135825e-07,-0.331525511668,0.00797605533196,0.042807905973,0.0114782317795,2.16342957758,0.27462907145,1.60813903577e+17,1.74426592676e+17,-1.36993962035e+17,1.22046081663e+17,9.0570596926e+18,3.4172715575e+17,-0.26173831101,0.751159431507
C:/Users/mqbpwbe2/Dropbox/Fieldwork/05 2017 Montserrat/2017-05-18/helitrav1/rt_so2_out (ours)/spectra/spectrum_00243.txt,243,2017-05-18,13:06:14,117.197239763,91.662409431,-6.34752032651e-17,7.62997280022e-18,7.80085178309e-14,8.98866103981e-15,-3.59332370283e-11,4.01729431802e-12,7.35262131402e-09,8.11166763917e-10,-5.6386632512e-07,6.26877878885e-08,-0.331562450297,0.00758181010765,0.0399896390627,0.0109122158318,2.29211655762,0.260705314462,2.88656801537e+17,2.25764514429e+17,-1.26725023071e+17,1.15250512818e+17,9.18764091415e+18,3.26292233578e+17,0.299692120877,0.909107112804
C:/Users/mqbpwbe2/Dropbox/Fieldwork/05 2017 Montserrat/2017-05-18/helitrav1/rt_so2_out (ours)/spectra/spectrum_00244.txt,244,2017-05-18,13:06:15,198.449941333,160.637926366,-3.88776327554e-17,nan,4.78102320957e-14,nan,-2.20384558244e-11,nan,4.51291720867e-09,nan,-3.46375785506e-07,nan,-0.328543269926,0.00786863751932,0.038610935961,0.0113128931229,2.1919071155,0.27098668477,4.88782205503e+17,3.95651212639e+17,-2.17163404005e+17,1.18128499554e+17,9.01517187108e+18,3.39392748267e+17,1.03681836425,1.39355784711
C:/Users/mqbpwbe2/Dropbox/Fieldwork/05 2017 Montserrat/2017-05-18/helitrav1/rt_so2_out (ours)/spectra/spectrum_00245.txt,245,2017-05-18,13:06:17,1244.41937495,493.684342497,-7.65109527122e-18,nan,9.27891790177e-15,nan,-4.21489645379e-12,nan,8.49838434418e-10,nan,-6.41655961863e-08,nan,-0.335222971975,0.00779359539652,0.046174354918,0.0111602495098,2.38773608386,0.264648367638,3.0650049205e+18,1.21594453557e+18,-2.43391273126e+17,1.26631964048e+17,9.22127974462e+18,3.1033770912e+17,5.17407097291,0.97712864622
C:/Users/mqbpwbe2/Dropbox/Fieldwork/05 2017 Montserrat/2017-05-18/helitrav1/rt_so2_out (ours)/spectra/spectrum_00246.txt,246,2017-05-18,13:06:18,1422.3194642,543.925279313,-7.12760343067e-18,nan,8.64316182306e-15,nan,-3.92585852542e-12,nan,7.9154787634e-10,nan,-5.97670421579e-08,nan,-0.32954826181,0.00782063247813,0.0416390046597,0.0111895323096,2.25053775163,0.267312899057,3.50317284032e+18,1.33968796295e+18,-2.32280226191e+17,1.29002458559e+17,9.00267041e+18,3.14624979092e+17,5.89044103486,0.947136820603
C:/Users/mqbpwbe2/Dropbox/Fieldwork/05 2017 Montserrat/2017-05-18/helitrav1/rt_so2_out (ours)/spectra/spectrum_00247.txt,247,2017-05-18,13:06:19,1795.2450667,559.45163926,-6.36743274158e-18,1.55830532347e-17,7.74140341475e-15,1.95566369028e-14,-3.52628009833e-12,9.20341390529e-12,7.13203350683e-10,1.9248801877e-09,-5.40358200212e-08,1.50963734472e-07,-0.335750659762,0.00777011677687,0.0493380975161,0.0111090117839,2.45286485496,0.266291927152,4.42168859929e+18,1.3779293875e+18,-2.64083960781e+17,1.6069565039e+17,8.84344765331e+18,4.00353479373e+17,5.83743435164,0.719570428273
C:/Users/mqbpwbe2/Dropbox/Fieldwork/05 2017 Montserrat/2017-05-18/helitrav1/rt_so2_out (ours)/spectra/spectrum_00248.txt,248,2017-05-18,13:06:21,1486.90780917,536.918338079,-9.15168175133e-18,nan,1.12593431406e-14,nan,-5.19263514359e-12,nan,1.06389966935e-09,nan,-8.17049042679e-08,nan,-0.334264990893,0.00759261269935,0.0475925954108,0.0108872896409,2.57384882554,0.259883017655,3.66225393398e+18,1.32242986669e+18,-3.16437970613e+17,1.25089467276e+17,9.07863930539e+18,3.05497348227e+17,6.12726068717,0.882990504372
C:/Users/mqbpwbe2/Dropbox/Fieldwork/05 2017 Montserrat/2017-05-18/helitrav1/rt_so2_out (ours)/spectra/spectrum_00249.txt,249,2017-05-18,13:06:22,1259.40100972,504.589898513,-1.06985801676e-17,nan,1.31520810131e-14,nan,-6.06050539885e-12,nan,1.24063637502e-09,nan,-9.51914112566e-08,nan,-0.335070175274,0.00777405728433,0.0464811526699,0.0111606687115,2.53420249492,0.265680849618,3.10190468694e+18,1.24280492004e+18,-3.0426761846e+17,1.25694451801e+17,8.98077071334e+18,3.12815818201e+17,5.42631538446,0.997591780827
C:/Users/mqbpwbe2/Dropbox/Fieldwork/05 2017 Montserrat/2017-05-18/helitrav1/rt_so2_out (ours)/spectra/spectrum_00250.txt,250,2017-05-18,13:06:23,1940.37816448,623.13298618,-7.4224638309e-18,7.27942557372e-19,9.12067133345e-15,9.12369867193e-16,-4.20100928601e-12,4.29160958907e-13,8.59612752374e-10,8.97919083427e-11,-6.5927930584e-08,7.05084022347e-09,-0.337458099985,0.00754884969854,0.0515344780423,0.0108546292577,2.96051823715,0.259298812358,4.77915141911e+18,1.53477654496e+18,-3.61409001561e+17,1.28548561131e+17,9.0283721534e+18,3.07781800409e+17,7.21732188792,0.873234884261
C:/Users/mqbpwbe2/Dropbox/Fieldwork/05 2017 Montserrat/2017-05-18/helitrav1/rt_so2_out (ours)/spectra/spectrum_00251.txt,251,2017-05-18,13:06:25,2459.97459749,958.785216487,-3.48914909137e-18,4.1921916804e-19,4.25472944335e-15,5.24409851935e-16,-1.94403784789e-12,2.46348342402e-13,3.94434607826e-10,5.15070128631e-11,-2.99816363635e-08,4.04421766596e-09,-0.341791089986,0.00767698046938,0.0568174090887,0.0110730030006,3.14463560786,0.266490004418,6.05891743362e+18,2.36148798821e+18,-2.8740497696e+17,1.36351256445e+17,9.32079385369e+18,3.20674250386e+17,10.4305798411,1.83932128752
C:/Users/mqbpwbe2/Dropbox/Fieldwork/05 2017 Montserrat/2017-05-18/helitrav1/rt_so2_out (ours)/spectra/spectrum_00252.txt,252,2017-05-18,13:06:26,737.233164577,370.014434862,-3.40676969797e-17,nan,4.27604539467e-14,nan,-2.01270054033e-11,nan,4.21055787321e-09,nan,-3.30320904254e-07,nan,-0.341204194235,0.0108989067035,0.0572561733384,0.0157944008987,2.54480247014,0.381082203965,1.81580528435e+18,9.11345553066e+17,1.09075348794e+17,1.63938087106e+17,7.43504656358e+18,4.72327576527e+17,5.12898144801,1.42265269498
C:/Users/mqbpwbe2/Dropbox/Fieldwork/05 2017 Montserrat/2017-05-18/helitrav1/rt_so2_out (ours)/spectra/spectrum_00253.txt,253,2017-05-18,13:06:27,0.0,0.0,0.0,0.0,0.0,0.0,0.0,0.0,0.0,0.0,0.0,0.0,0.0,0.0,0.0,0.0,0.0,0.0,0.0,0.0,0.0,0.0,0.0,0.0,0.0,0.0
C:/Users/mqbpwbe2/Dropbox/Fieldwork/05 2017 Montserrat/2017-05-18/helitrav1/rt_so2_out (ours)/spectra/spectrum_00254.txt,254,2017-05-18,13:06:29,23.6441035002,22.9565882157,-5.2228302835e-17,nan,6.39057272981e-14,nan,-2.93023046761e-11,nan,5.96701465502e-09,nan,-4.55291882143e-07,nan,-0.333168447127,0.0073566643943,0.0466244858747,0.0107205363481,3.0042345158,0.259824560402,5.8235426921e+16,5.65420767753e+16,-1.3474436462e+17,1.16062993611e+17,9.33516584958e+18,3.23241179373e+17,0.0695832925564,0.851077769879
C:/Users/mqbpwbe2/Dropbox/Fieldwork/05 2017 Montserrat/2017-05-18/helitrav1/rt_so2_out (ours)/spectra/spectrum_00255.txt,255,2017-05-18,13:06:30,0.0,0.0,0.0,0.0,0.0,0.0,0.0,0.0,0.0,0.0,0.0,0.0,0.0,0.0,0.0,0.0,0.0,0.0,0.0,0.0,0.0,0.0,0.0,0.0,0.0,0.0
C:/Users/mqbpwbe2/Dropbox/Fieldwork/05 2017 Montserrat/2017-05-18/helitrav1/rt_so2_out (ours)/spectra/spectrum_00256.txt,256,2017-05-18,13:06:31,-3.5453951343,10.9950882153,-3.22579186893e-17,nan,3.89010926468e-14,nan,-1.75615486804e-11,nan,3.51681393175e-09,nan,-2.63534107754e-07,nan,-0.326340802133,0.00750714845379,0.0351927301614,0.0109909136588,3.20271321831,0.26767679978,-8.73230821579e+15,2.70809022742e+16,-2.06418577311e+17,1.20225637489e+17,9.49264682542e+18,3.36991542436e+17,0.08727173982,1.46401252147
C:/Users/mqbpwbe2/Dropbox/Fieldwork/05 2017 Montserrat/2017-05-18/helitrav1/rt_so2_out (ours)/spectra/spectrum_00257.txt,257,2017-05-18,13:06:33,3.38872076323,12.6063908496,-3.21247463176e-17,8.75932638198e-18,3.88138867726e-14,1.01558783311e-14,-1.75585197927e-11,4.56972585023e-12,3.52421822835e-09,9.55846292438e-10,-2.64752371405e-07,7.84359231001e-08,-0.327056294404,0.00768714916681,0.039264406309,0.0112445909355,3.24091967446,0.274072653754,8.34641923983e+15,3.10495406627e+16,-1.14930084993e+17,1.22472148097e+17,9.39729470833e+18,3.40820748286e+17,0.108239573619,1.51634406733
C:/Users/mqbpwbe2/Dropbox/Fieldwork/05 2017 Montserrat/2017-05-18/helitrav1/rt_so2_out (ours)/spectra/spectrum_00258.txt,258,2017-05-18,13:06:34,0.0,0.0,0.0,0.0,0.0,0.0,0.0,0.0,0.0,0.0,0.0,0.0,0.0,0.0,0.0,0.0,0.0,0.0,0.0,0.0,0.0,0.0,0.0,0.0,0.0,0.0
C:/Users/mqbpwbe2/Dropbox/Fieldwork/05 2017 Montserrat/2017-05-18/helitrav1/rt_so2_out (ours)/spectra/spectrum_00259.txt,259,2017-05-18,13:06:35,-4.08050571705,12.5915601943,-2.79731000556e-17,9.86661025813e-18,3.33077156044e-14,1.03382639246e-14,-1.48288972014e-11,4.33330104898e-12,2.92455760126e-09,9.18138662416e-10,-2.15480310045e-07,8.22757136967e-08,-0.325664097428,0.0075185880823,0.0366629962,0.0109775554955,2.58985650613,0.271881384765,-1.00502855811e+16,3.10130127586e+16,-2.11906606371e+17,1.21342820993e+17,9.23404532035e+18,3.38753087195e+17,0.0950532677627,2.0936262675
C:/Users/mqbpwbe2/Dropbox/Fieldwork/05 2017 Montserrat/2017-05-18/helitrav1/rt_so2_out (ours)/spectra/spectrum_00260.txt,260,2017-05-18,13:06:37,-8.48260810779,12.5133451694,-5.43459924678e-17,7.95401198148e-18,6.66330249968e-14,9.47947331554e-15,-3.06176515177e-11,4.28947141868e-12,6.24859871465e-09,8.76567973034e-10,-4.77869877528e-07,6.84279526118e-08,-0.323859006105,0.00708894411777,0.0334124036454,0.0103770336785,2.75259191271,0.255942774222,-2.08926637695e+16,3.08203691523e+16,-1.40558779766e+17,1.14540563972e+17,9.38989864909e+18,3.17881546773e+17,0.241919561822,0.935112224084
C:/Users/mqbpwbe2/Dropbox/Fieldwork/05 2017 Montserrat/2017-05-18/helitrav1/rt_so2_out (ours)/spectra/spectrum_00261.txt,261,2017-05-18,13:06:38,10.0788375851,20.4884659448,-3.98644552292e-17,5.22308204359e-18,4.88871164372e-14,6.18197634616e-15,-2.24697955725e-11,2.78870535655e-12,4.58746607218e-09,5.70983235838e-10,-3.51001524109e-07,4.48948006305e-08,-0.332123017573,0.0075641787852,0.0460133937135,0.0110417879857,2.86888547909,0.269703558737,2.48241769721e+16,5.0463091622e+16,-6.3279328811e+16,1.20765051348e+17,8.93647399023e+18,3.35139161719e+17,0.79691625979,1.38241593506
C:/Users/mqbpwbe2/Dropbox/Fieldwork/05 2017 Montserrat/2017-05-18/helitrav1/rt_so2_out (ours)/spectra/spectrum_00262.txt,262,2017-05-18,13:06:39,2.25070114406,16.5803887325,-6.95531870683e-17,nan,8.58758368727e-14,nan,-3.9748869136e-11,nan,8.17446017607e-09,nan,-6.30198727604e-07,nan,-0.324504620099,0.00738380518433,0.0332781969634,0.010749234393,2.39310770935,0.264177720761,5.54347691782e+15,4.08374974482e+16,-1.45115051753e+17,1.18259959175e+17,9.03053285609e+18,3.27866660201e+17,0.65593614716,0.838913064171
C:/Users/mqbpwbe2/Dropbox/Fieldwork/05 2017 Montserrat/2017-05-18/helitrav1/rt_so2_out (ours)/spectra/spectrum_00263.txt,263,2017-05-18,13:06:41,2.86706916783,6.77567893269,-1.07404586775e-16,9.93663958271e-18,1.31898847223e-13,1.18696572577e-14,-6.07106390615e-11,5.447768105e-12,1.24127451703e-08,1.14304516426e-09,-9.51140645696e-07,9.24675873099e-08,-0.323385804319,0.00717330560244,0.0332064057998,0.0104581600052,2.90210609362,0.253799569677,7.06159136037e+15,1.66884972112e+16,-1.39489880664e+17,1.13793996694e+17,9.2079178684e+18,3.16149435897e+17,-0.338023127809,0.433191336115
C:/Users/mqbpwbe2/Dropbox/Fieldwork/05 2017 Montserrat/2017-05-18/helitrav1/rt_so2_out (ours)/spectra/spectrum_00264.txt,264,2017-05-18,13:06:42,0.0,0.0,0.0,0.0,0.0,0.0,0.0,0.0,0.0,0.0,0.0,0.0,0.0,0.0,0.0,0.0,0.0,0.0,0.0,0.0,0.0,0.0,0.0,0.0,0.0,0.0
C:/Users/mqbpwbe2/Dropbox/Fieldwork/05 2017 Montserrat/2017-05-18/helitrav1/rt_so2_out (ours)/spectra/spectrum_00265.txt,265,2017-05-18,13:06:43,-3.04158441637,12.5953773736,-3.16576665091e-17,3.89766652465e-17,3.81451459528e-14,4.53359050049e-14,-1.72051173455e-11,1.96985721227e-11,3.44224795084e-09,3.79020722899e-09,-2.5769456428e-07,2.72647576815e-07,-0.333052195436,0.00786412102158,0.0457228557531,0.0114927433216,3.3991121126,0.278871467488,-7.49142241753e+15,3.10224144712e+16,-8.70443995061e+16,1.26928871071e+17,9.4741405167e+18,3.52234877257e+17,0.0565831674896,2.71331862708
C:/Users/mqbpwbe2/Dropbox/Fieldwork/05 2017 Montserrat/2017-05-18/helitrav1/rt_so2_out (ours)/spectra/spectrum_00266.txt,266,2017-05-18,13:06:45,-6.81389419328,13.5079409167,-3.1150431833e-17,nan,3.78460746643e-14,nan,-1.72227205885e-11,nan,3.47895611215e-09,nan,-2.63159026707e-07,nan,-0.323367912629,0.00714630922058,0.0305781420897,0.0104683648549,3.5692129061,0.25346191262,-1.67826213981e+16,3.32700584778e+16,-2.20553762303e+17,1.13172667648e+17,9.62306707731e+18,3.14458591765e+17,0.377735706086,1.33743258648
C:/Users/mqbpwbe2/Dropbox/Fieldwork/05 2017 Montserrat/2017-05-18/helitrav1/rt_so2_out (ours)/spectra/spectrum_00267.txt,267,2017-05-18,13:06:46,0.0,0.0,0.0,0.0,0.0,0.0,0.0,0.0,0.0,0.0,0.0,0.0,0.0,0.0,0.0,0.0,0.0,0.0,0.0,0.0,0.0,0.0,0.0,0.0,0.0,0.0
C:/Users/mqbpwbe2/Dropbox/Fieldwork/05 2017 Montserrat/2017-05-18/helitrav1/rt_so2_out (ours)/spectra/spectrum_00268.txt,268,2017-05-18,13:06:47,-11.7030528052,32.2271744275,-1.70499616223e-17,1.88921033442e-17,1.97111798087e-14,2.13066837881e-14,-8.48247733385e-12,9.27852265572e-12,1.60801615805e-09,1.88406077111e-09,-1.13067298508e-07,1.51883620389e-07,-0.328696423509,0.00772567624488,0.0413990052375,0.011311334429,3.16907884645,0.276009480825,-2.88246190591e+16,7.93755306149e+16,-8.7185627781e+16,1.22411278254e+17,9.42611408245e+18,3.40916608476e+17,0.125696091193,3.06493855634
C:/Users/mqbpwbe2/Dropbox/Fieldwork/05 2017 Montserrat/2017-05-18/helitrav1/rt_so2_out (ours)/spectra/spectrum_00269.txt,269,2017-05-18,13:06:49,0.0,0.0,0.0,0.0,0.0,0.0,0.0,0.0,0.0,0.0,0.0,0.0,0.0,0.0,0.0,0.0,0.0,0.0,0.0,0.0,0.0,0.0,0.0,0.0,0.0,0.0
C:/Users/mqbpwbe2/Dropbox/Fieldwork/05 2017 Montserrat/2017-05-18/helitrav1/rt_so2_out (ours)/spectra/spectrum_00270.txt,270,2017-05-18,13:06:50,-4.95107414344,12.5985912812,-2.74844644627e-17,1.23463210488e-17,3.30946567428e-14,1.43111731268e-14,-1.4916492797e-11,6.31062544949e-12,2.98206928752e-09,1.26469954368e-09,-2.23057781241e-07,9.78508861315e-08,-0.335793977994,0.0075894802396,0.0522568082406,0.0111188793397,3.42848199099,0.269576847671,-1.21944956153e+16,3.10303303257e+16,-1.36190401219e+17,1.2038597876e+17,9.40835697283e+18,3.35351881747e+17,0.124975414062,1.78939678267
C:/Users/mqbpwbe2/Dropbox/Fieldwork/05 2017 Montserrat/2017-05-18/helitrav1/rt_so2_out (ours)/spectra/spectrum_00271.txt,271,2017-05-18,13:06:51,-3.67618853961,10.6272025379,-2.9724475559e-17,1.56508891264e-17,3.44361372573e-14,1.55266985648e-14,-1.48543895257e-11,6.85778409859e-12,2.82361328325e-09,1.70525993678e-09,-1.99175965541e-07,1.73550889863e-07,-0.327817074986,0.00741627485222,0.0440964733852,0.0108660459729,3.00748869106,0.268071245944,-9.05445237307e+15,2.61747998508e+16,-7.65542193131e+16,1.199235451e+17,9.58179913889e+18,3.34385735776e+17,-0.365700256456,1.66532312979
C:/Users/mqbpwbe2/Dropbox/Fieldwork/05 2017 Montserrat/2017-05-18/helitrav1/rt_so2_out (ours)/spectra/spectrum_00272.txt,272,2017-05-18,13:06:53,-2.81869597776,15.9011014089,-2.1687446761e-17,3.52602774751e-17,2.32448214305e-14,1.82298869486e-14,-9.0683428192e-12,nan,1.50487035339e-09,8.65918676828e-10,-8.72222954045e-08,2.94640207084e-07,-0.3304961729,0.00796488385825,0.0430842309685,0.0116594945357,3.28416861458,0.284513045231,-6.94244819323e+15,3.91644127702e+16,-2.20486649557e+17,1.25551659185e+17,9.62412957344e+18,3.40910472939e+17,-0.572199244569,2.39527414604
C:/Users/mqbpwbe2/Dropbox/Fieldwork/05 2017 Montserrat/2017-05-18/helitrav1/rt_so2_out (ours)/spectra/spectrum_00273.txt,273,2017-05-18,13:06:54,-4.18268574114,27.0017485368,-1.64107316509e-17,3.966204465e-17,1.67888533592e-14,2.63291273212e-14,-6.10804698037e-12,5.53664411262e-12,9.01972450713e-10,2.81348822875e-09,-4.12110907835e-08,4.03894857336e-07,-0.331141237344,0.00754730109958,0.0472128916726,0.0110584714406,3.31429474217,0.269542942535,-1.03019549804e+16,6.65053066462e+16,-1.38283799763e+17,1.1830046858e+17,9.64083375181e+18,3.21436746693e+17,-0.540398337032,2.98459487422
C:/Users/mqbpwbe2/Dropbox/Fieldwork/05 2017 Montserrat/2017-05-18/helitrav1/rt_so2_out (ours)/spectra/spectrum_00274.txt,274,2017-05-18,13:06:56,-1.22529198847,6.98029638354,-1.23061934681e-17,nan,1.259060835e-14,nan,-4.5832515033e-12,nan,6.77974804742e-10,1.46546314546e-09,-3.11455746643e-08,2.33870485122e-07,-0.32435121858,0.00753540100533,0.0374881131701,0.0110416405222,3.29161118359,0.269051394589,-3.0178941676e+15,1.71924699927e+16,-9.36709239546e+16,1.16820104131e+17,9.34656738558e+18,3.1545252443e+17,-0.383206094112,2.06369121948
C:/Users/mqbpwbe2/Dropbox/Fieldwork/05 2017 Montserrat/2017-05-18/helitrav1/rt_so2_out (ours)/spectra/spectrum_00275.txt,275,2017-05-18,13:06:57,-10.7498217785,30.3077407751,-1.05021413669e-17,nan,1.15098647972e-14,nan,-4.62974238803e-12,nan,8.03460757527e-10,6.83991524026e-10,-5.00479823304e-08,1.42571955075e-07,-0.324609575987,0.00758197610514,0.035975094466,0.0111044357637,3.42931750772,0.271289827131,-2.64768110403e+16,7.4647965529e+16,-1.96318671515e+17,1.1990384938e+17,9.70212537959e+18,3.28066875738e+17,0.0503396370226,2.95246926543
C:/Users/mqbpwbe2/Dropbox/Fieldwork/05 2017 Montserrat/2017-05-18/helitrav1/rt_so2_out (ours)/spectra/spectrum_00276.txt,276,2017-05-18,13:06:58,-1.92987714097,10.5392366663,-8.52050130538e-18,nan,8.71307438463e-15,nan,-3.16916747755e-12,nan,4.68077044051e-10,1.54910216375e-09,-2.14196852918e-08,1.97662312908e-07,-0.328185786283,0.00742282388623,0.0434443752329,0.0108744990895,2.94990941321,0.267799524804,-4.75328739821e+15,2.59581399092e+16,-7.21041312728e+16,1.16736256727e+17,9.31699412803e+18,3.16494152971e+17,-0.20377028466,3.26386358537
C:/Users/mqbpwbe2/Dropbox/Fieldwork/05 2017 Montserrat/2017-05-18/helitrav1/rt_so2_out (ours)/spectra/spectrum_00277.txt,277,2017-05-18,13:07:00,-14.667603748,152.659535183,-6.20175188249e-18,3.50241920215e-17,6.29270839048e-15,2.69258834292e-14,-2.26019154983e-12,2.00470607311e-12,3.26028286184e-10,nan,-1.40491051043e-08,7.89865931819e-08,-0.324338184014,0.00753887458958,0.0331765208052,0.0110379322992,3.23780371193,0.270488076877,-3.61263080312e+16,3.76000435156e+17,-1.53798283316e+17,1.184132083e+17,9.51436031477e+18,3.29125032382e+17,0.136429823761,12.0253467291
C:/Users/mqbpwbe2/Dropbox/Fieldwork/05 2017 Montserrat/2017-05-18/helitrav1/rt_so2_out (ours)/spectra/spectrum_00278.txt,278,2017-05-18,13:07:01,0.0,0.0,0.0,0.0,0.0,0.0,0.0,0.0,0.0,0.0,0.0,0.0,0.0,0.0,0.0,0.0,0.0,0.0,0.0,0.0,0.0,0.0,0.0,0.0,0.0,0.0
C:/Users/mqbpwbe2/Dropbox/Fieldwork/05 2017 Montserrat/2017-05-18/helitrav1/rt_so2_out (ours)/spectra/spectrum_00279.txt,279,2017-05-18,13:07:02,4.11641376901,12.0672900656,-3.03124353565e-17,nan,3.64428905889e-14,nan,-1.63982270636e-11,nan,3.27244970872e-09,nan,-2.44310980892e-07,nan,-0.329820338772,0.00704131747221,0.0449744714381,0.0103152522232,3.32369803461,0.250381263017,1.01387271131e+16,2.97217354316e+16,1.27361463719e+15,1.11580738462e+17,9.28039812867e+18,3.07750181955e+17,0.0997316496609,1.46903701044
C:/Users/mqbpwbe2/Dropbox/Fieldwork/05 2017 Montserrat/2017-05-18/helitrav1/rt_so2_out (ours)/spectra/spectrum_00280.txt,280,2017-05-18,13:07:04,-2.04647767675,11.4682001201,-4.5486217401e-17,8.24096187186e-18,5.56131269071e-14,9.7115689068e-15,-2.54788437502e-11,4.34998077622e-12,5.18381771616e-09,8.82251484383e-10,-3.95155716463e-07,6.86295397804e-08,-0.33174768772,0.00763055271989,0.0473022539041,0.0111790126515,3.3929495179,0.271238368329,-5.04047451782e+15,2.82461768959e+16,-3.45735255114e+16,1.21140809698e+17,9.39455504147e+18,3.36365730283e+17,0.165689648185,1.054568398
