File,Number,Date,Time,so2 (ppm.m),so2 error,a,a_e,b,b_e,c,c_e,d,d_e,shift,shift_e,stretch,stretch_e,ring,ring_e,so2,so2_e,no2,no2_e,o3,o3_e,Fit window: 306.0 - 319.9 nm,ILS width: 0.52ILS Gauss Weight: 1.0
C:/Users/mqbpwbe2/Dropbox/Fieldwork/05 2017 Montserrat/2017-05-18/helitrav1/rt_so2_out (ours)/spectra/spectrum_00180.txt,180,2017-05-18,13:04:50,-4.97731126855,8.86532040951,-1.63037415854e-15,1.49341487221e-16,1.53342824588e-12,1.41336558766e-13,-4.80825810683e-10,4.45939462963e-11,5.0272133895e-08,4.69091374983e-09,-0.334086214694,0.00681519435695,0.0408970304555,0.00997961005906,2.82685124311,0.246318291218,-1.22591176544e+16,2.18352841686e+16,-2.23923889136e+17,1.0620222892e+17,9.19208798855e+18,2.82495033564e+17
C:/Users/mqbpwbe2/Dropbox/Fieldwork/05 2017 Montserrat/2017-05-18/helitrav1/rt_so2_out (ours)/spectra/spectrum_00181.txt,181,2017-05-18,13:04:51,-6.28265848719,9.30425090204,-1.89283020049e-15,1.64652532738e-16,1.78033731831e-12,1.55797867975e-13,-5.58237409832e-10,4.9146921325e-11,5.8360849749e-08,5.16875525218e-09,-0.327122176434,0.00716403666369,0.0318450395762,0.0105128518264,2.89547341528,0.258827841511,-1.5474187854e+16,2.29163699717e+16,-4.0188552971e+16,1.11400802692e+17,9.16362199464e+18,2.95691811242e+17
C:/Users/mqbpwbe2/Dropbox/Fieldwork/05 2017 Montserrat/2017-05-18/helitrav1/rt_so2_out (ours)/spectra/spectrum_00182.txt,182,2017-05-18,13:04:53,-6.15669179244,9.43101670749,-1.89222942256e-15,1.67923918392e-16,1.78139106776e-12,1.58969774653e-13,-5.59093682423e-10,5.01720862048e-11,5.85070626192e-08,5.27919823731e-09,-0.334105138711,0.00722864529736,0.042057059932,0.0105867225458,2.80884731443,0.262243589332,-1.51639318848e+16,2.32285941506e+16,-1.41314490328e+17,1.13025781014e+17,9.36985133883e+18,2.98850810461e+17
C:/Users/mqbpwbe2/Dropbox/Fieldwork/05 2017 Montserrat/2017-05-18/helitrav1/rt_so2_out (ours)/spectra/spectrum_00183.txt,183,2017-05-18,13:04:54,-3.81552910438,9.90333294902,-1.71395879751e-15,1.65944966449e-16,1.61187675129e-12,1.57018716512e-13,-5.05351230734e-10,4.95315386665e-11,5.28260670209e-08,5.20916787883e-09,-0.328827476076,0.00760436373526,0.0352692998421,0.0111372905561,2.73932832578,0.275672372595,-9.3976481841e+15,2.43919090534e+16,-1.21535312921e+17,1.18762846542e+17,9.03987127045e+18,3.1582635868e+17
C:/Users/mqbpwbe2/Dropbox/Fieldwork/05 2017 Montserrat/2017-05-18/helitrav1/rt_so2_out (ours)/spectra/spectrum_00184.txt,184,2017-05-18,13:04:55,-13.2508404491,9.61608526135,-1.91794132856e-15,1.73893787652e-16,1.8072935394e-12,1.64728641745e-13,-5.67786070594e-10,5.20242016243e-11,5.94784506469e-08,5.47778383419e-09,-0.328350213019,0.0074046088082,0.0350349461198,0.0108431987863,3.00751041403,0.267426744413,-3.26368200262e+16,2.36844179987e+16,-3.00579477634e+17,1.15279886267e+17,9.78115346082e+18,3.03212252682e+17
C:/Users/mqbpwbe2/Dropbox/Fieldwork/05 2017 Montserrat/2017-05-18/helitrav1/rt_so2_out (ours)/spectra/spectrum_00185.txt,185,2017-05-18,13:04:57,-4.90040370603,9.54758895879,-1.77076115967e-15,1.64554188266e-16,1.66623114763e-12,1.55756811857e-13,-5.22701529996e-10,4.91509461428e-11,5.46736088928e-08,5.17101955091e-09,-0.328900706898,0.00738248303609,0.0318956398048,0.0108133538403,3.03085381702,0.265329827788,-1.2069694328e+16,2.35157116055e+16,-1.9009262959e+17,1.14231704391e+17,9.27396291509e+18,3.02796700097e+17
C:/Users/mqbpwbe2/Dropbox/Fieldwork/05 2017 Montserrat/2017-05-18/helitrav1/rt_so2_out (ours)/spectra/spectrum_00186.txt,186,2017-05-18,13:04:58,-1.20579691527,9.36208110142,-1.76620112916e-15,1.64298380894e-16,1.66165543392e-12,1.55492909529e-13,-5.21171713174e-10,4.90606589537e-11,5.45034167701e-08,5.16076942692e-09,-0.33561471486,0.00719733150414,0.0454029753145,0.0105444409639,2.80375491854,0.260297045413,-2.96987780232e+15,2.30588057528e+16,-1.09974863476e+17,1.12153660368e+17,9.19472368407e+18,2.97904126829e+17
C:/Users/mqbpwbe2/Dropbox/Fieldwork/05 2017 Montserrat/2017-05-18/helitrav1/rt_so2_out (ours)/spectra/spectrum_00187.txt,187,2017-05-18,13:04:59,-7.55154566856,8.99391360233,-1.86396870856e-15,1.58609719785e-16,1.75451252395e-12,1.50153566896e-13,-5.50577405534e-10,4.73901755881e-11,5.76080891346e-08,4.98655285148e-09,-0.337105414429,0.00694270240862,0.0471561504306,0.0101698202001,3.01088337504,0.249774214984,-1.85994569817e+16,2.21520092025e+16,-1.88726652447e+17,1.07617370768e+17,9.4146382709e+18,2.84973351194e+17
C:/Users/mqbpwbe2/Dropbox/Fieldwork/05 2017 Montserrat/2017-05-18/helitrav1/rt_so2_out (ours)/spectra/spectrum_00188.txt,188,2017-05-18,13:05:01,-16.5372683597,9.24101886797,-1.82795433794e-15,1.67183298947e-16,1.72195853755e-12,1.58333898396e-13,-5.40803282024e-10,4.99925929424e-11,5.6633868123e-08,5.26259839629e-09,-0.331962587776,0.00716500636205,0.041863421669,0.0104949331697,3.28080089874,0.256565761863,-4.073129197e+16,2.27606294718e+16,-1.67975110906e+17,1.10581556714e+17,9.72529878655e+18,2.92214485339e+17
C:/Users/mqbpwbe2/Dropbox/Fieldwork/05 2017 Montserrat/2017-05-18/helitrav1/rt_so2_out (ours)/spectra/spectrum_00189.txt,189,2017-05-18,13:05:02,-6.17483955231,9.28499438287,-1.84749457106e-15,1.62951278193e-16,1.73944834436e-12,1.54291068313e-13,-5.45999051396e-10,4.8704877309e-11,5.71456347665e-08,5.12584239351e-09,-0.332957351932,0.00716241235249,0.0418091671022,0.0104936582825,3.18716242258,0.257415629444,-1.52086298173e+16,2.2868941165e+16,-2.41461058419e+17,1.11009086286e+17,9.53617802842e+18,2.93285664461e+17
C:/Users/mqbpwbe2/Dropbox/Fieldwork/05 2017 Montserrat/2017-05-18/helitrav1/rt_so2_out (ours)/spectra/spectrum_00190.txt,190,2017-05-18,13:05:03,-11.4724862615,8.84293877341,-1.87924101206e-15,1.59478998781e-16,1.7688650987e-12,1.50977039413e-13,-5.5507670622e-10,4.76502852277e-11,5.80787921453e-08,5.01394876385e-09,-0.334451382349,0.00682503131791,0.0441105117877,0.0100029629389,3.1985720187,0.245037107614,-2.82567336621e+16,2.17801581989e+16,-1.42526277855e+17,1.05584624973e+17,9.53485735568e+18,2.79969650514e+17
C:/Users/mqbpwbe2/Dropbox/Fieldwork/05 2017 Montserrat/2017-05-18/helitrav1/rt_so2_out (ours)/spectra/spectrum_00191.txt,191,2017-05-18,13:05:05,-3.71925416999,9.1719250073,-1.75231446047e-15,1.54386474539e-16,1.64750923725e-12,1.46063847394e-13,-5.16383601908e-10,4.60699733466e-11,5.39645416458e-08,4.84449113055e-09,-0.335483235571,0.00710289561937,0.0451509022056,0.0103989364032,3.16366334154,0.253588866649,-9.16052302068e+15,2.2590451293e+16,-1.52512130216e+17,1.09312207743e+17,9.13146061979e+18,2.90894508028e+17
C:/Users/mqbpwbe2/Dropbox/Fieldwork/05 2017 Montserrat/2017-05-18/helitrav1/rt_so2_out (ours)/spectra/spectrum_00192.txt,192,2017-05-18,13:05:06,-5.934804016,9.27902909837,-1.97169190446e-15,1.64732941089e-16,1.85616338779e-12,1.55955299913e-13,-5.82549127207e-10,4.92226656179e-11,6.0959860157e-08,5.17950304653e-09,-0.329807809939,0.00717345687598,0.0348535532947,0.0104995488967,2.98785267666,0.256574915665,-1.46174222914e+16,2.28542486693e+16,-2.10416161904e+17,1.10487512213e+17,9.48544998365e+18,2.91795005616e+17
C:/Users/mqbpwbe2/Dropbox/Fieldwork/05 2017 Montserrat/2017-05-18/helitrav1/rt_so2_out (ours)/spectra/spectrum_00193.txt,193,2017-05-18,13:05:07,-8.89151508935,9.60368491849,-1.79387363307e-15,1.68415932378e-16,1.68800939619e-12,1.59406247246e-13,-5.29539231978e-10,5.03005826588e-11,5.53890632179e-08,5.2917453709e-09,-0.328405334052,0.00744791203369,0.0365159377012,0.0109080198295,3.29616407389,0.266236292063,-2.18998016651e+16,2.36538759542e+16,-7.31544440632e+16,1.14710676191e+17,9.41367040022e+18,3.04426326608e+17
C:/Users/mqbpwbe2/Dropbox/Fieldwork/05 2017 Montserrat/2017-05-18/helitrav1/rt_so2_out (ours)/spectra/spectrum_00194.txt,194,2017-05-18,13:05:09,-9.46529502628,10.1418997346,-1.22993002871e-15,1.16645146149e-16,1.15674473082e-12,1.10364393369e-13,-3.62677231006e-10,3.4812235109e-11,3.79130914617e-08,3.66090623108e-09,-0.332416648622,0.00775925903117,0.0403065501365,0.0113487898966,2.86320877231,0.279746121955,-2.33130216497e+16,2.49794990463e+16,-2.18958994165e+17,1.20624263817e+17,9.16754538059e+18,3.20023358844e+17
C:/Users/mqbpwbe2/Dropbox/Fieldwork/05 2017 Montserrat/2017-05-18/helitrav1/rt_so2_out (ours)/spectra/spectrum_00195.txt,195,2017-05-18,13:05:10,-8.31882754788,10.0238283494,-1.68497423901e-15,1.69092281347e-16,1.58314515506e-12,1.59907080373e-13,-4.95866115554e-10,5.04136792789e-11,5.17836004794e-08,5.29882098922e-09,-0.332900781651,0.00764182213358,0.0401130383382,0.0111648244411,2.80882588028,0.274691905081,-2.04892722504e+16,2.46886892246e+16,-1.12223460237e+17,1.18523053181e+17,9.09220621179e+18,3.1625584569e+17
C:/Users/mqbpwbe2/Dropbox/Fieldwork/05 2017 Montserrat/2017-05-18/helitrav1/rt_so2_out (ours)/spectra/spectrum_00196.txt,196,2017-05-18,13:05:11,-4.95884843781,8.99706426733,-2.19662226203e-15,1.76866882102e-16,2.06644699706e-12,1.67348772168e-13,-6.48054335154e-10,5.27882520997e-11,6.77600873326e-08,5.5514180342e-09,-0.330345433138,0.00694811988415,0.0374955613629,0.0101556989453,2.96946202934,0.248525602734,-1.22136437023e+16,2.21597692904e+16,-9.63355881229e+16,1.06973889418e+17,9.17358378109e+18,2.83646018314e+17
C:/Users/mqbpwbe2/Dropbox/Fieldwork/05 2017 Montserrat/2017-05-18/helitrav1/rt_so2_out (ours)/spectra/spectrum_00197.txt,197,2017-05-18,13:05:13,-1.74023647431,9.80495176497,-1.74765101281e-15,1.74488647794e-16,1.64471898118e-12,1.65165753553e-13,-5.16031320972e-10,5.21218787363e-11,5.39850080949e-08,5.48377853727e-09,-0.329259626775,0.00752200413633,0.0372142504277,0.0110016222252,2.74713424023,0.271608057651,-4.28620243623e+15,2.41495961971e+16,-1.69856759341e+17,1.17143398702e+17,9.31452241924e+18,3.10572961304e+17
C:/Users/mqbpwbe2/Dropbox/Fieldwork/05 2017 Montserrat/2017-05-18/helitrav1/rt_so2_out (ours)/spectra/spectrum_00198.txt,198,2017-05-18,13:05:14,-8.2306957989,9.91423680373,-1.7093298832e-15,1.71231964544e-16,1.60870847597e-12,1.62083331276e-13,-5.04748369983e-10,5.11491739557e-11,5.28060035445e-08,5.38143616109e-09,-0.331943387776,0.00762635950508,0.0417304805556,0.0111587438652,2.93432098355,0.274003266543,-2.02722037527e+16,2.44187652476e+16,-1.677155671e+17,1.18196270533e+17,9.40607931895e+18,3.13828899166e+17
C:/Users/mqbpwbe2/Dropbox/Fieldwork/05 2017 Montserrat/2017-05-18/helitrav1/rt_so2_out (ours)/spectra/spectrum_00199.txt,199,2017-05-18,13:05:15,-8.98621050106,8.95962000908,-1.84084239319e-15,1.57498154426e-16,1.73194882201e-12,1.49051936828e-13,-5.43232350414e-10,4.70265584727e-11,5.68106069018e-08,4.94658044785e-09,-0.335892002414,0.00695179704593,0.0455829601828,0.0101841871891,3.2756971778,0.248271634246,-2.21330364641e+16,2.20675440824e+16,-1.64658104734e+16,1.06884970108e+17,9.36709817603e+18,2.84189214449e+17
C:/Users/mqbpwbe2/Dropbox/Fieldwork/05 2017 Montserrat/2017-05-18/helitrav1/rt_so2_out (ours)/spectra/spectrum_00200.txt,200,2017-05-18,13:05:17,0.37349903439,9.05119172582,-1.96630602509e-15,1.73059710258e-16,1.85009139179e-12,1.63774864141e-13,-5.8032149674e-10,5.16703593034e-11,6.06932468585e-08,5.43489891561e-09,-0.330793174955,0.00697408701527,0.0406321727669,0.0101854667877,2.89263504171,0.24911510473,9.19928121702e+14,2.22930852207e+16,-1.24668139016e+17,1.07416760704e+17,9.30398070166e+18,2.85022178173e+17
C:/Users/mqbpwbe2/Dropbox/Fieldwork/05 2017 Montserrat/2017-05-18/helitrav1/rt_so2_out (ours)/spectra/spectrum_00201.txt,201,2017-05-18,13:05:18,-9.84760805732,9.60526291627,-1.8473268247e-15,1.6689842237e-16,1.73786173089e-12,1.57952227063e-13,-5.4503230531e-10,4.98360378833e-11,5.69934099576e-08,5.24225874981e-09,-0.326007982725,0.00742997224798,0.033523561303,0.0108824171759,3.16673999153,0.266410283735,-2.42546586452e+16,2.36577625628e+16,-1.47104726192e+17,1.14750667277e+17,9.32134105962e+18,3.04364973521e+17
C:/Users/mqbpwbe2/Dropbox/Fieldwork/05 2017 Montserrat/2017-05-18/helitrav1/rt_so2_out (ours)/spectra/spectrum_00202.txt,202,2017-05-18,13:05:19,-6.95194316015,9.44811681293,-1.90266453509e-15,1.71125678167e-16,1.79156709166e-12,1.62019116566e-13,-5.62404003005e-10,5.11404021123e-11,5.88664082767e-08,5.38172165146e-09,-0.33161760793,0.00728083873348,0.0405280694443,0.0106554695621,2.98246300591,0.261504062947,-1.71226360035e+16,2.32707117102e+16,-1.42418110239e+17,1.12665529304e+17,9.52405679615e+18,2.98148618407e+17
C:/Users/mqbpwbe2/Dropbox/Fieldwork/05 2017 Montserrat/2017-05-18/helitrav1/rt_so2_out (ours)/spectra/spectrum_00203.txt,203,2017-05-18,13:05:21,-0.784842639619,9.82441618536,-2.14345868414e-15,1.95544345852e-16,2.01655729646e-12,1.85022108725e-13,-6.32452618689e-10,5.83635139176e-11,6.61344440741e-08,6.13778486247e-09,-0.326842006159,0.00747088238876,0.0332484219344,0.0108910620085,2.43935798454,0.269258962648,-1.93306742138e+15,2.41975370645e+16,-2.03903947744e+17,1.16147728623e+17,9.19220137641e+18,3.07491323363e+17
C:/Users/mqbpwbe2/Dropbox/Fieldwork/05 2017 Montserrat/2017-05-18/helitrav1/rt_so2_out (ours)/spectra/spectrum_00204.txt,204,2017-05-18,13:05:22,-3.83218742544,9.52028765709,-2.78070943063e-15,2.33884036725e-16,2.61374184271e-12,2.21094290048e-13,-8.18934893146e-10,6.96751632613e-11,8.55412639282e-08,7.32007601325e-09,-0.332762822512,0.00708936829193,0.041637996012,0.0103104202561,1.83633825464,0.257194462727,-9.43867762886e+15,2.34484684994e+16,-1.76148584671e+17,1.11143375031e+17,8.78323935515e+18,2.95212976804e+17
C:/Users/mqbpwbe2/Dropbox/Fieldwork/05 2017 Montserrat/2017-05-18/helitrav1/rt_so2_out (ours)/spectra/spectrum_00205.txt,205,2017-05-18,13:05:23,-2.6290202029,9.68365297676,-2.49854429619e-15,2.29135993721e-16,2.34877428986e-12,2.1663050032e-13,-7.36005160021e-10,6.82767184812e-11,7.68901419529e-08,7.17407150837e-09,-0.329853146864,0.00727733154455,0.0381141133703,0.0105759546685,2.06239275229,0.261680712984,-6.47527675974e+15,2.38508372818e+16,-1.22250052661e+17,1.13055791806e+17,8.8678560798e+18,3.00977466719e+17
C:/Users/mqbpwbe2/Dropbox/Fieldwork/05 2017 Montserrat/2017-05-18/helitrav1/rt_so2_out (ours)/spectra/spectrum_00206.txt,206,2017-05-18,13:05:25,-8.72471448229,9.31961062032,-2.0144477661e-15,1.75983673479e-16,1.89650426073e-12,1.66585299281e-13,-5.95233832328e-10,5.25708386634e-11,6.22897638987e-08,5.53107633882e-09,-0.329683366401,0.00712493472889,0.0368401128143,0.0103994442904,2.70176275853,0.256155247136,-2.14889717699e+16,2.29542009579e+16,-1.93720034908e+17,1.10464153839e+17,9.48657805212e+18,2.91942276236e+17
C:/Users/mqbpwbe2/Dropbox/Fieldwork/05 2017 Montserrat/2017-05-18/helitrav1/rt_so2_out (ours)/spectra/spectrum_00207.txt,207,2017-05-18,13:05:26,-0.00809555328468,10.2899035372,-1.89607874148e-15,1.83886722457e-16,1.78315204896e-12,1.73969606856e-13,-5.59039707163e-10,5.48700807748e-11,5.84360118591e-08,5.76965926024e-09,-0.334906319006,0.0078917146758,0.0447016950725,0.0115356263404,2.83904117533,0.283055702299,-1.99393477402e+13,2.53440324122e+16,-1.55556983991e+17,1.22035785036e+17,9.15411121832e+18,3.24134581357e+17
C:/Users/mqbpwbe2/Dropbox/Fieldwork/05 2017 Montserrat/2017-05-18/helitrav1/rt_so2_out (ours)/spectra/spectrum_00208.txt,208,2017-05-18,13:05:27,6.84423936056,9.88389619936,-2.10268799422e-15,1.93086840904e-16,1.97886837394e-12,1.82722244242e-13,-6.20846289219e-10,5.76461653778e-11,6.4943563853e-08,6.06320821166e-09,-0.332715048115,0.00751542265211,0.0415367178983,0.0109675443114,2.57341800467,0.270612397486,1.68573615451e+16,2.4344036339e+16,-1.65251739343e+17,1.16693460006e+17,9.26031843191e+18,3.08912264976e+17
C:/Users/mqbpwbe2/Dropbox/Fieldwork/05 2017 Montserrat/2017-05-18/helitrav1/rt_so2_out (ours)/spectra/spectrum_00209.txt,209,2017-05-18,13:05:29,17.8952874964,9.26878959992,-1.84937611314e-15,1.63925315988e-16,1.73925708679e-12,1.55088569647e-13,-5.45289724282e-10,4.89162829176e-11,5.70004948706e-08,5.14375236047e-09,-0.332017316994,0.00715790095622,0.0414187303536,0.0104489252646,2.98669930651,0.254003216775,4.40760931036e+16,2.28290287846e+16,-8.80438870538e+16,1.09431858341e+17,9.13653254202e+18,2.90736464691e+17
C:/Users/mqbpwbe2/Dropbox/Fieldwork/05 2017 Montserrat/2017-05-18/helitrav1/rt_so2_out (ours)/spectra/spectrum_00210.txt,210,2017-05-18,13:05:30,11.2001895775,9.19468229967,-1.85795657487e-15,1.64949752535e-16,1.74904980392e-12,1.56136019783e-13,-5.48918550868e-10,4.92718604061e-11,5.74399856769e-08,5.18384151116e-09,-0.329869618011,0.00707327629646,0.0415145447257,0.0103112915043,2.95709744189,0.252300048507,2.75860669294e+16,2.26465025041e+16,-1.14938403576e+17,1.08637185614e+17,9.42702250427e+18,2.87755081032e+17
C:/Users/mqbpwbe2/Dropbox/Fieldwork/05 2017 Montserrat/2017-05-18/helitrav1/rt_so2_out (ours)/spectra/spectrum_00211.txt,211,2017-05-18,13:05:31,12.0549173993,9.60999187855,-1.78660251601e-15,1.66548733124e-16,1.68102555943e-12,1.57623303156e-13,-5.27303261099e-10,4.97328846036e-11,5.51504746217e-08,5.23147018798e-09,-0.332358871311,0.00739057000286,0.0420787821422,0.0107806569135,2.87972817156,0.262811456943,2.96912615546e+16,2.36694099969e+16,-2.18626721647e+17,1.13368593093e+17,9.34966395929e+18,3.00507699119e+17
C:/Users/mqbpwbe2/Dropbox/Fieldwork/05 2017 Montserrat/2017-05-18/helitrav1/rt_so2_out (ours)/spectra/spectrum_00212.txt,212,2017-05-18,13:05:33,24.3133811221,9.82810654846,-1.91911581422e-15,1.80312838245e-16,1.80535119242e-12,1.70600049286e-13,-5.66171278594e-10,5.38109610862e-11,5.92000998342e-08,5.65866916285e-09,-0.333852011599,0.00747004923806,0.0442069148275,0.0108811267873,2.56265038499,0.266741421333,5.98838577038e+16,2.42066264289e+16,-1.69391438291e+17,1.15110098391e+17,9.21734143994e+18,3.05234462106e+17
C:/Users/mqbpwbe2/Dropbox/Fieldwork/05 2017 Montserrat/2017-05-18/helitrav1/rt_so2_out (ours)/spectra/spectrum_00213.txt,213,2017-05-18,13:05:34,34.3977610179,9.68875141077,-2.28387333974e-15,2.03667012634e-16,2.15000575248e-12,1.92730246892e-13,-6.74729575629e-10,6.0801865366e-11,7.05996567688e-08,6.39490842991e-09,-0.329255949995,0.00734798511335,0.0390798020768,0.0106528582044,2.39635454317,0.259527881711,8.4721685387e+16,2.38633947247e+16,-1.99056910387e+17,1.12044803479e+17,9.39243356239e+18,2.95814658617e+17
C:/Users/mqbpwbe2/Dropbox/Fieldwork/05 2017 Montserrat/2017-05-18/helitrav1/rt_so2_out (ours)/spectra/spectrum_00214.txt,214,2017-05-18,13:05:35,70.4444881093,10.0758363252,-2.53973946442e-15,2.2885600968e-16,2.39090771054e-12,2.16517170008e-13,-7.50320601159e-10,6.82896482949e-11,7.85056652532e-08,7.18062828188e-09,-0.329001592603,0.00754909945662,0.0368347166046,0.0108931997714,1.94074599159,0.265327950567,1.73504774213e+17,2.48167848689e+16,-1.48282684758e+17,1.14584195407e+17,9.29145501702e+18,3.01671305452e+17
C:/Users/mqbpwbe2/Dropbox/Fieldwork/05 2017 Montserrat/2017-05-18/helitrav1/rt_so2_out (ours)/spectra/spectrum_00215.txt,215,2017-05-18,13:05:37,79.1681891336,9.95590949178,-2.84686120892e-15,2.41140546868e-16,2.67893767615e-12,2.28079541121e-13,-8.40348526393e-10,7.19167697948e-11,8.7884840428e-08,7.55987496652e-09,-0.329690126279,0.00743756977802,0.0379033222312,0.0107086611024,1.8258208887,0.259864098588,1.94991249836e+17,2.45214050783e+16,-2.31842080819e+17,1.1236452429e+17,9.17372093407e+18,2.9573531318e+17
C:/Users/mqbpwbe2/Dropbox/Fieldwork/05 2017 Montserrat/2017-05-18/helitrav1/rt_so2_out (ours)/spectra/spectrum_00216.txt,216,2017-05-18,13:05:38,97.384953389,9.75660797702,-2.89928928042e-15,2.34167038066e-16,2.72838204763e-12,2.21469006529e-13,-8.55884535973e-10,6.98273535366e-11,8.95111722093e-08,7.33966923051e-09,-0.333446960469,0.00729565941194,0.0450116841915,0.0104921103465,1.91512558278,0.252763991992,2.39859140197e+17,2.40305254474e+16,-1.99405366636e+17,1.0923008827e+17,9.15543960103e+18,2.87325941162e+17
C:/Users/mqbpwbe2/Dropbox/Fieldwork/05 2017 Montserrat/2017-05-18/helitrav1/rt_so2_out (ours)/spectra/spectrum_00217.txt,217,2017-05-18,13:05:39,89.8833352146,10.5511452656,-2.71791409761e-15,2.5098837362e-16,2.55737420192e-12,2.37376762144e-13,-8.02145945984e-10,7.48428359584e-11,8.38827728742e-08,7.86687872562e-09,-0.331296977591,0.00791665470608,0.0407335089199,0.011391546834,2.07697870551,0.273871060354,2.21382654634e+17,2.59874707893e+16,-1.97134779416e+17,1.18431385754e+17,9.17583635102e+18,3.12113523528e+17
C:/Users/mqbpwbe2/Dropbox/Fieldwork/05 2017 Montserrat/2017-05-18/helitrav1/rt_so2_out (ours)/spectra/spectrum_00218.txt,218,2017-05-18,13:05:41,97.2765931707,10.2982921507,-2.88990512967e-15,2.51455972536e-16,2.72015503932e-12,2.37827011766e-13,-8.53489194029e-10,7.4986952612e-11,8.92799511652e-08,7.88221333426e-09,-0.330913702161,0.00770289650272,0.0415264171818,0.0110678240042,1.90112832763,0.266075573525,2.39592248979e+17,2.53646935672e+16,-1.34037904977e+17,1.14986284379e+17,9.21474713606e+18,3.02589741593e+17
C:/Users/mqbpwbe2/Dropbox/Fieldwork/05 2017 Montserrat/2017-05-18/helitrav1/rt_so2_out (ours)/spectra/spectrum_00219.txt,219,2017-05-18,13:05:42,103.291076631,10.8242543461,-2.83312260346e-15,2.56836155713e-16,2.66437530165e-12,2.4279447757e-13,-8.35230911412e-10,7.65139032047e-11,8.728850281e-08,8.0384784928e-09,-0.335931611672,0.00802929554165,0.0469592046078,0.0115412473538,1.78838898912,0.278288666123,2.54405921741e+17,2.66601384546e+16,-1.8461957629e+17,1.20346090764e+17,8.93683196904e+18,3.1757149235e+17
C:/Users/mqbpwbe2/Dropbox/Fieldwork/05 2017 Montserrat/2017-05-18/helitrav1/rt_so2_out (ours)/spectra/spectrum_00220.txt,220,2017-05-18,13:05:43,103.001954484,10.2407951715,-3.06220172628e-15,2.58386668314e-16,2.88201514966e-12,2.44364161853e-13,-9.04170351736e-10,7.70421607903e-11,9.4569651472e-08,8.0975878019e-09,-0.329783494499,0.00760660173528,0.0391587236365,0.0109220044644,1.77010199784,0.263231496055,2.53693813893e+17,2.52230785075e+16,-1.64250968692e+17,1.13791016046e+17,9.20792707899e+18,2.99130936554e+17
C:/Users/mqbpwbe2/Dropbox/Fieldwork/05 2017 Montserrat/2017-05-18/helitrav1/rt_so2_out (ours)/spectra/spectrum_00221.txt,221,2017-05-18,13:05:45,116.887177352,10.4194269246,-2.86741462103e-15,2.49095631029e-16,2.69630417981e-12,2.35449537244e-13,-8.45130624018e-10,7.41901401509e-11,8.83108096719e-08,7.79335034502e-09,-0.330393271235,0.00776284580678,0.0408043897631,0.0111376792572,1.91643897807,0.266454044742,2.87893117819e+17,2.56630485154e+16,-1.60260113104e+17,1.15177413082e+17,8.87345414442e+18,3.03740821971e+17
C:/Users/mqbpwbe2/Dropbox/Fieldwork/05 2017 Montserrat/2017-05-18/helitrav1/rt_so2_out (ours)/spectra/spectrum_00222.txt,222,2017-05-18,13:05:46,139.304536003,10.5881856956,-2.48785707866e-15,2.09825784549e-16,2.34153799162e-12,1.98437946297e-13,-7.34635714111e-10,6.25623565143e-11,7.68408521625e-08,6.57561972798e-09,-0.333834532878,0.00780997700496,0.045156174527,0.0111879277206,1.83987411086,0.267930659787,3.43107072174e+17,2.60787013682e+16,-2.57510545919e+17,1.1592322595e+17,9.22369212291e+18,3.03675853083e+17
C:/Users/mqbpwbe2/Dropbox/Fieldwork/05 2017 Montserrat/2017-05-18/helitrav1/rt_so2_out (ours)/spectra/spectrum_00223.txt,223,2017-05-18,13:05:47,137.558688881,10.5048715309,-2.50197867593e-15,2.13421932074e-16,2.3542132958e-12,2.0180846162e-13,-7.3841070238e-10,6.36151796052e-11,7.72140330183e-08,6.68522396432e-09,-0.328244561514,0.00779838282053,0.0366322247017,0.0111714861272,1.98972554576,0.266145395328,3.38807050713e+17,2.58734985806e+16,-1.63826994936e+17,1.15051837976e+17,9.17547244042e+18,3.02164569936e+17
C:/Users/mqbpwbe2/Dropbox/Fieldwork/05 2017 Montserrat/2017-05-18/helitrav1/rt_so2_out (ours)/spectra/spectrum_00224.txt,224,2017-05-18,13:05:49,138.432356563,10.5295793022,-2.70616577017e-15,2.25347843089e-16,2.54864228664e-12,2.13185333281e-13,-8.00134394416e-10,6.7233611824e-11,8.37470427291e-08,7.06892174439e-09,-0.334412299137,0.00782599419734,0.0460375497224,0.0112196677069,2.23806047866,0.266584570278,3.40958894215e+17,2.59343538213e+16,-1.71945731073e+17,1.15223448742e+17,9.42540554541e+18,3.01610196633e+17
C:/Users/mqbpwbe2/Dropbox/Fieldwork/05 2017 Montserrat/2017-05-18/helitrav1/rt_so2_out (ours)/spectra/spectrum_00225.txt,225,2017-05-18,13:05:50,140.095152322,10.4328949353,-2.62301332179e-15,2.17563869247e-16,2.46747640823e-12,2.0569707833e-13,-7.73735145426e-10,6.48318420577e-11,8.08860089785e-08,6.81209050079e-09,-0.327218980814,0.00773334744798,0.0343143277546,0.0110679287289,1.87809029118,0.263889945096,3.4505436017e+17,2.56962202256e+16,-2.23686369651e+17,1.14155726481e+17,9.07523117006e+18,2.99488998499e+17
C:/Users/mqbpwbe2/Dropbox/Fieldwork/05 2017 Montserrat/2017-05-18/helitrav1/rt_so2_out (ours)/spectra/spectrum_00226.txt,226,2017-05-18,13:05:51,138.495107546,10.7331992416,-2.52778048604e-15,2.1913794459e-16,2.37867064929e-12,2.072249352e-13,-7.46142250834e-10,6.5326334679e-11,7.8029152606e-08,6.8654524353e-09,-0.330184383921,0.0079921647958,0.0400292210537,0.0114505740481,2.10036767946,0.272032696589,3.41113449885e+17,2.64358697321e+16,-1.52633506175e+17,1.17576641087e+17,9.2231291012e+18,3.08553703343e+17
C:/Users/mqbpwbe2/Dropbox/Fieldwork/05 2017 Montserrat/2017-05-18/helitrav1/rt_so2_out (ours)/spectra/spectrum_00227.txt,227,2017-05-18,13:05:53,133.873902549,10.4338928154,-2.45959745801e-15,2.12240584419e-16,2.3134240291e-12,2.00652903553e-13,-7.25324222681e-10,6.32385408783e-11,7.58145169226e-08,6.6443196144e-09,-0.331253651927,0.00778443357087,0.0406069916443,0.0111612014262,2.06031717959,0.265642344963,3.29731421979e+17,2.56986780043e+16,-1.53590307471e+17,1.14845638025e+17,9.00238649207e+18,3.0230341359e+17
C:/Users/mqbpwbe2/Dropbox/Fieldwork/05 2017 Montserrat/2017-05-18/helitrav1/rt_so2_out (ours)/spectra/spectrum_00228.txt,228,2017-05-18,13:05:54,124.950598954,10.4292792995,-2.49050873019e-15,2.17713946098e-16,2.34321327628e-12,2.0586677287e-13,-7.34898830211e-10,6.48946647302e-11,7.68409977215e-08,6.81973105645e-09,-0.33129660558,0.00776496953662,0.044377306387,0.0111362278868,1.99818674954,0.267244096086,3.07753325224e+17,2.56873149146e+16,-1.61518546799e+17,1.15440627418e+17,9.0675083548e+18,3.03597139778e+17
C:/Users/mqbpwbe2/Dropbox/Fieldwork/05 2017 Montserrat/2017-05-18/helitrav1/rt_so2_out (ours)/spectra/spectrum_00229.txt,229,2017-05-18,13:05:55,111.421736823,10.1096782645,-2.3881497538e-15,2.03995656045e-16,2.2474135932e-12,1.92956794223e-13,-7.05035848728e-10,6.08454012675e-11,7.37400181047e-08,6.396415849e-09,-0.337175751708,0.00761599088258,0.048276694779,0.0109563282116,2.39255920341,0.26075331821,2.74431737794e+17,2.49001375655e+16,-2.11602190985e+17,1.12699333702e+17,9.27306761391e+18,2.9647834347e+17
C:/Users/mqbpwbe2/Dropbox/Fieldwork/05 2017 Montserrat/2017-05-18/helitrav1/rt_so2_out (ours)/spectra/spectrum_00230.txt,230,2017-05-18,13:05:56,103.575308551,10.1833186539,-2.24171198178e-15,2.01573867726e-16,2.10985908129e-12,1.90671961412e-13,-6.61962995637e-10,6.0126955487e-11,6.92437488015e-08,6.32111885209e-09,-0.327963581773,0.00767161299683,0.0365156121245,0.0110448970567,2.30376163014,0.264576341545,2.55105984961e+17,2.50815138445e+16,-1.80081693165e+17,1.14287267617e+17,9.17224451818e+18,3.00847389925e+17
C:/Users/mqbpwbe2/Dropbox/Fieldwork/05 2017 Montserrat/2017-05-18/helitrav1/rt_so2_out (ours)/spectra/spectrum_00231.txt,231,2017-05-18,13:05:58,95.3937830661,9.52940109666,-2.36085485874e-15,1.97956138401e-16,2.22137148712e-12,1.87222832937e-13,-6.96745688667e-10,5.90305216419e-11,7.28598937844e-08,6.20490471695e-09,-0.331954445121,0.00720716100561,0.04171751328,0.0103850663464,2.40503821734,0.247975688059,2.34954887692e+17,2.34709149011e+16,-1.02669409957e+17,1.07072830323e+17,9.17202862197e+18,2.82669206022e+17
C:/Users/mqbpwbe2/Dropbox/Fieldwork/05 2017 Montserrat/2017-05-18/helitrav1/rt_so2_out (ours)/spectra/spectrum_00232.txt,232,2017-05-18,13:05:59,82.5212925477,10.680833295,-2.1359509429e-15,2.04407057379e-16,2.00997562829e-12,1.93372974703e-13,-6.3052952859e-10,6.09858356404e-11,6.5947016821e-08,6.41221661118e-09,-0.326926954106,0.00802137744006,0.0368496767985,0.0115841903865,2.05926396788,0.281069458828,2.03249943545e+17,2.63068924057e+16,-1.66960204434e+17,1.21370555079e+17,9.25797683155e+18,3.20050498598e+17
C:/Users/mqbpwbe2/Dropbox/Fieldwork/05 2017 Montserrat/2017-05-18/helitrav1/rt_so2_out (ours)/spectra/spectrum_00233.txt,233,2017-05-18,13:06:00,78.0284449585,10.3451831024,-2.27939711671e-15,2.12000162269e-16,2.14448991173e-12,2.00507410288e-13,-6.7256066307e-10,6.3219924592e-11,7.03239518746e-08,6.64537675671e-09,-0.330177114765,0.00777826281343,0.0405038775088,0.01122478179,2.07858005248,0.271762962417,1.92184059933e+17,2.54801859813e+16,-1.10786172371e+17,1.17377065446e+17,9.16008704823e+18,3.10058608719e+17
C:/Users/mqbpwbe2/Dropbox/Fieldwork/05 2017 Montserrat/2017-05-18/helitrav1/rt_so2_out (ours)/spectra/spectrum_00234.txt,234,2017-05-18,13:06:02,74.6442077371,10.2932843148,-2.86870850457e-15,2.51243927269e-16,2.6993391622e-12,2.37591165054e-13,-8.46677431706e-10,7.49012145009e-11,8.85372056609e-08,7.87198305538e-09,-0.332073669777,0.00768182172886,0.0441288291374,0.0110397596422,1.86610140883,0.267510384644,1.83848683657e+17,2.53523592675e+16,-1.18302411491e+17,1.15625965204e+17,9.19285292844e+18,3.0497042525e+17
C:/Users/mqbpwbe2/Dropbox/Fieldwork/05 2017 Montserrat/2017-05-18/helitrav1/rt_so2_out (ours)/spectra/spectrum_00235.txt,235,2017-05-18,13:06:03,85.4803735948,10.6678793978,-2.36222619666e-15,2.16879561781e-16,2.22243601255e-12,2.05126215807e-13,-6.97013712164e-10,6.46773998147e-11,7.28812163137e-08,6.79869677898e-09,-0.330247564328,0.00803397759353,0.040328247537,0.0115824514424,2.1669949796,0.279174419688,2.10538160164e+17,2.62749869567e+16,-2.21447160797e+17,1.20577439966e+17,9.13302117635e+18,3.17616756769e+17
C:/Users/mqbpwbe2/Dropbox/Fieldwork/05 2017 Montserrat/2017-05-18/helitrav1/rt_so2_out (ours)/spectra/spectrum_00236.txt,236,2017-05-18,13:06:04,85.9631258708,9.87657721217,-2.27090075498e-15,1.92252515229e-16,2.1363821477e-12,1.81852460249e-13,-6.69995300456e-10,5.73452610958e-11,7.00541263353e-08,6.0286494134e-09,-0.331156809801,0.00748265821834,0.0413260499183,0.010791700745,2.28851143359,0.258977652685,2.1172717902e+17,2.43260096736e+16,-2.73660408029e+17,1.11888692221e+17,9.18753377882e+18,2.94772742014e+17
C:/Users/mqbpwbe2/Dropbox/Fieldwork/05 2017 Montserrat/2017-05-18/helitrav1/rt_so2_out (ours)/spectra/spectrum_00237.txt,237,2017-05-18,13:06:06,85.3743676617,10.749471636,-2.13077741064e-15,2.03511775881e-16,2.0054547992e-12,1.92541547537e-13,-6.29223767552e-10,6.0728607541e-11,6.58224707353e-08,6.38570336691e-09,-0.327894079532,0.00813184287359,0.0376048400072,0.0117283666561,2.36541276632,0.281852772774,2.10277067551e+17,2.64759486396e+16,-2.07257435333e+17,1.21684210126e+17,9.31896373649e+18,3.20643284286e+17
C:/Users/mqbpwbe2/Dropbox/Fieldwork/05 2017 Montserrat/2017-05-18/helitrav1/rt_so2_out (ours)/spectra/spectrum_00238.txt,238,2017-05-18,13:06:07,84.3865236696,10.1202587146,-2.46129601456e-15,2.08961294764e-16,2.31665659404e-12,1.97662759772e-13,-7.26878897198e-10,6.23321662017e-11,7.60362895982e-08,6.55300734908e-09,-0.330998232084,0.00758570218169,0.0437518417832,0.0109169764947,2.10702499484,0.263794949075,2.07844007798e+17,2.4926197214e+16,-1.53841335582e+17,1.13861311499e+17,9.30917789416e+18,2.99479194206e+17
C:/Users/mqbpwbe2/Dropbox/Fieldwork/05 2017 Montserrat/2017-05-18/helitrav1/rt_so2_out (ours)/spectra/spectrum_00239.txt,239,2017-05-18,13:06:09,81.9693324345,10.2881160194,-2.45483913432e-15,2.16022755601e-16,2.310397082e-12,2.04329979829e-13,-7.2485550226e-10,6.44306387891e-11,7.58184919473e-08,6.77318981059e-09,-0.330134173367,0.00767667589518,0.0419152310068,0.0110328318787,1.96230392097,0.266969901984,2.01890465786e+17,2.53396297558e+16,-2.10314544685e+17,1.15362495626e+17,9.30066535009e+18,3.03766911618e+17
C:/Users/mqbpwbe2/Dropbox/Fieldwork/05 2017 Montserrat/2017-05-18/helitrav1/rt_so2_out (ours)/spectra/spectrum_00240.txt,240,2017-05-18,13:06:10,93.5510046951,10.1530397267,-2.34520176315e-15,1.99315027763e-16,2.20649182209e-12,1.88475499482e-13,-6.92013981683e-10,5.94145539435e-11,7.2356084844e-08,6.24405512189e-09,-0.336648008523,0.00756403880825,0.0516255237262,0.0108705570984,2.00754080322,0.261694348762,2.30416124564e+17,2.50069368469e+16,-1.44232924289e+17,1.13145034796e+17,9.20365553672e+18,2.98339187629e+17
C:/Users/mqbpwbe2/Dropbox/Fieldwork/05 2017 Montserrat/2017-05-18/helitrav1/rt_so2_out (ours)/spectra/spectrum_00241.txt,241,2017-05-18,13:06:11,86.3831185498,10.855817106,-2.31428385706e-15,2.14866949979e-16,2.17781144469e-12,2.03227243265e-13,-6.83165487763e-10,6.40799069159e-11,7.1448189624e-08,6.73600187246e-09,-0.330071059348,0.00813907503077,0.0440563780196,0.0117076264818,2.14987945333,0.28132814514,2.12761620988e+17,2.67378775321e+16,-2.42993843471e+17,1.21645954695e+17,9.26387380551e+18,3.2059148931e+17
C:/Users/mqbpwbe2/Dropbox/Fieldwork/05 2017 Montserrat/2017-05-18/helitrav1/rt_so2_out (ours)/spectra/spectrum_00242.txt,242,2017-05-18,13:06:12,88.6995895431,10.5420519528,-2.21235662301e-15,1.96694865359e-16,2.08128370755e-12,1.86003659885e-13,-6.52682792534e-10,5.86373961742e-11,6.82378197464e-08,6.16262133415e-09,-0.331527924501,0.00790759690481,0.0431763345558,0.0113599533821,2.1448177985,0.272968070893,2.18467089045e+17,2.59650739598e+16,-1.77059774876e+17,1.17902685441e+17,9.18432895035e+18,3.11077682614e+17
C:/Users/mqbpwbe2/Dropbox/Fieldwork/05 2017 Montserrat/2017-05-18/helitrav1/rt_so2_out (ours)/spectra/spectrum_00243.txt,243,2017-05-18,13:06:14,86.0480031006,10.0354331824,-2.23497110784e-15,1.900902605e-16,2.10371255069e-12,1.79820381109e-13,-6.60094437688e-10,5.67083555276e-11,6.90538129989e-08,5.96206782328e-09,-0.331371036163,0.00754988028974,0.0402440561697,0.0108696928855,2.27490438255,0.260261560864,2.11936231637e+17,2.47172719282e+16,-1.78812691545e+17,1.12460791784e+17,9.38600708425e+18,2.96133764441e+17
C:/Users/mqbpwbe2/Dropbox/Fieldwork/05 2017 Montserrat/2017-05-18/helitrav1/rt_so2_out (ours)/spectra/spectrum_00244.txt,244,2017-05-18,13:06:15,87.9203033107,10.4108066837,-2.09518438094e-15,1.91374567562e-16,1.97112348591e-12,1.81000901448e-13,-6.18174621618e-10,5.7069776613e-11,6.46359330439e-08,5.99892359311e-09,-0.32821009455,0.00782079187629,0.0388475773848,0.0112616733952,2.17827033245,0.270347664623,2.16547707054e+17,2.56418168619e+16,-2.59555230654e+17,1.16882460054e+17,9.21748973056e+18,3.08288981945e+17
C:/Users/mqbpwbe2/Dropbox/Fieldwork/05 2017 Montserrat/2017-05-18/helitrav1/rt_so2_out (ours)/spectra/spectrum_00245.txt,245,2017-05-18,13:06:17,99.0783775764,10.3462713866,-2.30271913687e-15,2.02691978212e-16,2.16769428406e-12,1.91755398667e-13,-6.80244509604e-10,6.04768178983e-11,7.11703273329e-08,6.35876967401e-09,-0.332380202933,0.00780955299873,0.0430072240392,0.0112334692709,2.3912140945,0.267466772322,2.44030043971e+17,2.54828664253e+16,-1.44590827913e+17,1.15545465277e+17,9.46233302187e+18,3.03848209757e+17
C:/Users/mqbpwbe2/Dropbox/Fieldwork/05 2017 Montserrat/2017-05-18/helitrav1/rt_so2_out (ours)/spectra/spectrum_00246.txt,246,2017-05-18,13:06:18,90.7653079842,10.3808335752,-2.39027177984e-15,1.97291676903e-16,2.24885818736e-12,1.86587384048e-13,-7.05299622946e-10,5.88276119075e-11,7.37453900408e-08,6.1832761236e-09,-0.326895819571,0.00780165107267,0.0388547803494,0.0112310348064,2.25342000163,0.269975920683,2.23554953565e+17,2.55679930956e+16,-1.25089788227e+17,1.16434352012e+17,9.2674569603e+18,3.06480232892e+17
C:/Users/mqbpwbe2/Dropbox/Fieldwork/05 2017 Montserrat/2017-05-18/helitrav1/rt_so2_out (ours)/spectra/spectrum_00247.txt,247,2017-05-18,13:06:19,94.7093650303,10.4151938854,-2.0745187006e-15,1.87421980382e-16,1.95117753875e-12,1.77244926206e-13,-6.11758849241e-10,5.58798673531e-11,6.39479524994e-08,5.87324542623e-09,-0.331875099714,0.00787230006784,0.0451414737977,0.0113459794618,2.45714207317,0.272160659878,2.3326916607e+17,2.56526225397e+16,-1.00819277507e+17,1.17405727788e+17,9.17534498316e+18,3.09945349645e+17
C:/Users/mqbpwbe2/Dropbox/Fieldwork/05 2017 Montserrat/2017-05-18/helitrav1/rt_so2_out (ours)/spectra/spectrum_00248.txt,248,2017-05-18,13:06:21,87.0493736112,10.0154329461,-1.92538097405e-15,1.7086042466e-16,1.81223553893e-12,1.6167810713e-13,-5.68643897958e-10,5.10032458436e-11,5.94910978608e-08,5.364062658e-09,-0.331054934864,0.007605778526,0.0442881919805,0.0109775645056,2.58332528433,0.263807962077,2.14402607204e+17,2.46680113464e+16,-2.20065193191e+17,1.13863439962e+17,9.41751735548e+18,2.99665817295e+17
C:/Users/mqbpwbe2/Dropbox/Fieldwork/05 2017 Montserrat/2017-05-18/helitrav1/rt_so2_out (ours)/spectra/spectrum_00249.txt,249,2017-05-18,13:06:22,94.0458392669,10.2741074137,-2.06447064024e-15,1.80182247419e-16,1.94296077322e-12,1.70469974074e-13,-6.09588088851e-10,5.37671496912e-11,6.37649485454e-08,5.65369103771e-09,-0.33235168274,0.00781704339483,0.0436753567337,0.0112783154126,2.54433346487,0.269436191757,2.31634902114e+17,2.530512656e+16,-2.27433716876e+17,1.1621696811e+17,9.29299975316e+18,3.05665974234e+17
C:/Users/mqbpwbe2/Dropbox/Fieldwork/05 2017 Montserrat/2017-05-18/helitrav1/rt_so2_out (ours)/spectra/spectrum_00250.txt,250,2017-05-18,13:06:23,75.9633434699,9.97888002936,-1.92911004486e-15,1.6418669163e-16,1.8156753009e-12,1.55371496018e-13,-5.69701272041e-10,4.90164990977e-11,5.95989886915e-08,5.15541313292e-09,-0.333840876325,0.00766703343081,0.0478963956578,0.0110905576078,2.95914577459,0.264990790096,1.87097714966e+17,2.45779815123e+16,-2.31820139664e+17,1.14200821419e+17,9.41958749181e+18,3.00436430318e+17
C:/Users/mqbpwbe2/Dropbox/Fieldwork/05 2017 Montserrat/2017-05-18/helitrav1/rt_so2_out (ours)/spectra/spectrum_00251.txt,251,2017-05-18,13:06:25,51.9463861037,9.98463172127,-1.68541906589e-15,1.62343290445e-16,1.58693869752e-12,1.53681112016e-13,-4.98151615503e-10,4.85010873142e-11,5.21403843581e-08,5.10316361299e-09,-0.339101455992,0.00770574595808,0.0541742197997,0.011175136915,3.13944375451,0.268018296954,1.27943948973e+17,2.45921479295e+16,-1.54110916018e+17,1.15589354736e+17,9.64823122717e+18,3.05442074658e+17
C:/Users/mqbpwbe2/Dropbox/Fieldwork/05 2017 Montserrat/2017-05-18/helitrav1/rt_so2_out (ours)/spectra/spectrum_00252.txt,252,2017-05-18,13:06:26,37.8328729544,9.94442106951,-1.68770151131e-15,1.65425287181e-16,1.58969456553e-12,1.56629303544e-13,-4.9921279343e-10,4.9441422489e-11,5.22726495008e-08,5.20316662113e-09,-0.324562540842,0.00760452700005,0.0361783211339,0.0110565908615,2.96585707226,0.268670892508,9.31823660866e+16,2.44931090942e+16,-1.2476831851e+17,1.15896668676e+17,9.73161078133e+18,3.05735673797e+17
C:/Users/mqbpwbe2/Dropbox/Fieldwork/05 2017 Montserrat/2017-05-18/helitrav1/rt_so2_out (ours)/spectra/spectrum_00253.txt,253,2017-05-18,13:06:27,39.9710318793,10.3328985607,-1.83678452133e-15,1.75481378888e-16,1.72994882793e-12,1.66150005773e-13,-5.43196301998e-10,5.24463580906e-11,5.68704875415e-08,5.51935245657e-09,-0.330722827728,0.00795868920949,0.0425104023659,0.0115639394364,3.05694555175,0.279558228472,9.84486515188e+16,2.5449929155e+16,-1.70245204212e+17,1.20372526997e+17,9.69527620604e+18,3.17226780371e+17
C:/Users/mqbpwbe2/Dropbox/Fieldwork/05 2017 Montserrat/2017-05-18/helitrav1/rt_so2_out (ours)/spectra/spectrum_00254.txt,254,2017-05-18,13:06:29,20.3462531537,9.52027671668,-1.8111005823e-15,1.58917015369e-16,1.70455042744e-12,1.50417204073e-13,-5.34830111598e-10,4.74643985405e-11,5.59524330435e-08,4.99337818734e-09,-0.333247398153,0.00734379015886,0.0472951630337,0.0106888382329,2.98270037554,0.259513181171,5.01128215176e+16,2.34484415532e+16,-1.76875933929e+17,1.11842334534e+17,9.49872682454e+18,2.95788577736e+17
C:/Users/mqbpwbe2/Dropbox/Fieldwork/05 2017 Montserrat/2017-05-18/helitrav1/rt_so2_out (ours)/spectra/spectrum_00255.txt,255,2017-05-18,13:06:30,9.01569041962,9.70005305363,-1.75089538654e-15,1.66113638815e-16,1.64911781434e-12,1.57298534468e-13,-5.17843282918e-10,4.96584261016e-11,5.42202064387e-08,5.2266361036e-09,-0.323729627955,0.00747274769749,0.0347953756787,0.010908172852,3.05857736543,0.267099277391,2.22056455035e+16,2.38912306711e+16,-1.90219910274e+17,1.1513515714e+17,9.59588157597e+18,3.0386460452e+17
C:/Users/mqbpwbe2/Dropbox/Fieldwork/05 2017 Montserrat/2017-05-18/helitrav1/rt_so2_out (ours)/spectra/spectrum_00256.txt,256,2017-05-18,13:06:31,-4.42610959627,9.6481989006,-1.75951669971e-15,1.61073591349e-16,1.65693324438e-12,1.52517374105e-13,-5.2019573287e-10,4.81462296514e-11,5.44549799538e-08,5.06717093871e-09,-0.326356890736,0.00746189842115,0.0355925035728,0.0109125007678,3.19462910384,0.26621040254,-1.09015079356e+16,2.37635138922e+16,-2.34547450976e+17,1.14691521655e+17,9.60010657055e+18,3.03056547508e+17
C:/Users/mqbpwbe2/Dropbox/Fieldwork/05 2017 Montserrat/2017-05-18/helitrav1/rt_so2_out (ours)/spectra/spectrum_00257.txt,257,2017-05-18,13:06:33,1.9417451906,9.8876597422,-1.70071141075e-15,1.67414635636e-16,1.60112521935e-12,1.58496496244e-13,-5.02539619279e-10,5.00257739256e-11,5.25930926914e-08,5.26414990374e-09,-0.327076115083,0.00762975052812,0.0396643585938,0.0111536045437,3.22848940864,0.2728725463,4.78251840444e+15,2.4353305945e+16,-1.41551492758e+17,1.17610039927e+17,9.50049478179e+18,3.11540215161e+17
C:/Users/mqbpwbe2/Dropbox/Fieldwork/05 2017 Montserrat/2017-05-18/helitrav1/rt_so2_out (ours)/spectra/spectrum_00258.txt,258,2017-05-18,13:06:34,4.87549823163,9.71589744923,-1.6912825178e-15,1.61818490445e-16,1.58974716951e-12,1.53078906941e-13,-4.98159517813e-10,4.82774013316e-11,5.20477757665e-08,5.07606292622e-09,-0.329289562643,0.00751478486872,0.0393775030155,0.0109961199602,3.03672965187,0.268734133486,1.20083521445e+16,2.39302554174e+16,-1.38565663905e+17,1.15786680168e+17,9.02130791827e+18,3.08331445721e+17
C:/Users/mqbpwbe2/Dropbox/Fieldwork/05 2017 Montserrat/2017-05-18/helitrav1/rt_so2_out (ours)/spectra/spectrum_00259.txt,259,2017-05-18,13:06:35,-4.62858311468,9.85284746395,-1.99994620624e-15,1.86705412388e-16,1.88182500711e-12,1.76686126861e-13,-5.90297805782e-10,5.57429549648e-11,6.17383538684e-08,5.86316787402e-09,-0.325781774742,0.0074713240919,0.0371137819919,0.0108996512432,2.57954496841,0.270383994043,-1.14002002115e+16,2.42675633037e+16,-2.33459434802e+17,1.16626151459e+17,9.31347212094e+18,3.0896035004e+17
C:/Users/mqbpwbe2/Dropbox/Fieldwork/05 2017 Montserrat/2017-05-18/helitrav1/rt_so2_out (ours)/spectra/spectrum_00260.txt,260,2017-05-18,13:06:37,-8.74754717963,9.30028769509,-2.02043675366e-15,1.77978744884e-16,1.90269087347e-12,1.68503539551e-13,-5.97354865171e-10,5.31857628129e-11,6.25312316185e-08,5.59679767683e-09,-0.323942259721,0.00707964254945,0.0341328943763,0.0103555288467,2.73570280247,0.25597254426,-2.15452087034e+16,2.2906608593e+16,-1.85273515692e+17,1.10408661324e+17,9.56630475782e+18,2.91671746962e+17
C:/Users/mqbpwbe2/Dropbox/Fieldwork/05 2017 Montserrat/2017-05-18/helitrav1/rt_so2_out (ours)/spectra/spectrum_00261.txt,261,2017-05-18,13:06:38,3.65561464121,9.84724949966,-2.11070339506e-15,1.89071764284e-16,1.98465749119e-12,1.78842938171e-13,-6.22095029549e-10,5.6396574238e-11,6.50129842846e-08,5.92901830121e-09,-0.332098861757,0.00755590502111,0.0465230194684,0.0110268651475,2.84942285964,0.26965955869,9.00377886131e+15,2.42537755177e+16,-1.09828137417e+17,1.16233054545e+17,9.11087362878e+18,3.08791068927e+17
C:/Users/mqbpwbe2/Dropbox/Fieldwork/05 2017 Montserrat/2017-05-18/helitrav1/rt_so2_out (ours)/spectra/spectrum_00262.txt,262,2017-05-18,13:06:39,-1.3238480549,9.85519113042,-2.4411072232e-15,2.1734318225e-16,2.29683409814e-12,2.05605330683e-13,-7.20410249688e-10,6.48420032383e-11,7.53350475681e-08,6.8174999867e-09,-0.324715891911,0.00742432125978,0.0344019449518,0.0107966551385,2.37306661715,0.265797680158,-3.26063775921e+15,2.42733357542e+16,-2.08312863052e+17,1.14783835794e+17,9.27533569033e+18,3.03973470576e+17
C:/Users/mqbpwbe2/Dropbox/Fieldwork/05 2017 Montserrat/2017-05-18/helitrav1/rt_so2_out (ours)/spectra/spectrum_00263.txt,263,2017-05-18,13:06:41,2.23396306166,9.40149824664,-1.98303371982e-15,1.65421789347e-16,1.86628879881e-12,1.56524547133e-13,-5.8552251174e-10,4.93751832064e-11,6.12465491752e-08,5.19259397619e-09,-0.323517255772,0.00718574320177,0.0340509496407,0.0104451174841,2.88875390486,0.254416675234,5.50225102087e+15,2.31558901815e+16,-1.89147198247e+17,1.09696098554e+17,9.4013900693e+18,2.89973802559e+17
C:/Users/mqbpwbe2/Dropbox/Fieldwork/05 2017 Montserrat/2017-05-18/helitrav1/rt_so2_out (ours)/spectra/spectrum_00264.txt,264,2017-05-18,13:06:42,-7.53664877368,10.0952795475,-1.82488209968e-15,1.71213719948e-16,1.71773175689e-12,1.62061749892e-13,-5.39027474002e-10,5.11406042333e-11,5.63975663571e-08,5.38030856753e-09,-0.326250760712,0.00782217949839,0.0356284373279,0.0114274629337,3.36651481909,0.276598334234,-1.85627659296e+16,2.48646735255e+16,-1.25296671194e+17,1.19170350188e+17,9.59501938413e+18,3.15804612499e+17
C:/Users/mqbpwbe2/Dropbox/Fieldwork/05 2017 Montserrat/2017-05-18/helitrav1/rt_so2_out (ours)/spectra/spectrum_00265.txt,265,2017-05-18,13:06:43,-3.9420172778,10.0575163466,-1.70626659629e-15,1.65833601279e-16,1.60613826886e-12,1.56983734955e-13,-5.04037770241e-10,4.95430452386e-11,5.27410061082e-08,5.2127772975e-09,-0.333049923852,0.00782169654115,0.0460806405204,0.0114173284238,3.3836265346,0.276965772966,-9.70918855523e+15,2.47716627617e+16,-1.12953192631e+17,1.19342074048e+17,9.56984724858e+18,3.16310276384e+17
C:/Users/mqbpwbe2/Dropbox/Fieldwork/05 2017 Montserrat/2017-05-18/helitrav1/rt_so2_out (ours)/spectra/spectrum_00266.txt,266,2017-05-18,13:06:45,-6.38218426698,9.17212828471,-1.7687841803e-15,1.51121981718e-16,1.66579141248e-12,1.43111470523e-13,-5.23023425109e-10,4.51824953231e-11,5.4756226428e-08,4.75583947367e-09,-0.323463306932,0.00712280120298,0.0311405633551,0.0104241379927,3.56150033683,0.252761926632,-1.57193198496e+16,2.25909519652e+16,-2.54583740724e+17,1.08872609518e+17,9.75696323153e+18,2.87385582277e+17
C:/Users/mqbpwbe2/Dropbox/Fieldwork/05 2017 Montserrat/2017-05-18/helitrav1/rt_so2_out (ours)/spectra/spectrum_00267.txt,267,2017-05-18,13:06:46,-6.77034068419,9.45318190137,-1.68781323238e-15,1.53095996222e-16,1.58814875282e-12,1.44902060778e-13,-4.98192683037e-10,4.5722541034e-11,5.21079669091e-08,4.8099880138e-09,-0.321716797927,0.00732287502338,0.0319726851692,0.0107082262891,3.36520700094,0.26098708974,-1.66753491052e+16,2.32831870231e+16,-1.3892085757e+17,1.12411131294e+17,9.42562794748e+18,2.98112183255e+17
C:/Users/mqbpwbe2/Dropbox/Fieldwork/05 2017 Montserrat/2017-05-18/helitrav1/rt_so2_out (ours)/spectra/spectrum_00268.txt,268,2017-05-18,13:06:47,-10.9826060889,9.94241924862,-1.91670901994e-15,1.76994604552e-16,1.80404939198e-12,1.67523502886e-13,-5.66072317762e-10,5.2860854836e-11,5.9222311247e-08,5.56093812035e-09,-0.328726615819,0.00766797288163,0.0416654340013,0.0112009301573,3.16326204718,0.273896754669,-2.70501587968e+16,2.44881786094e+16,-1.00684572652e+17,1.1797642873e+17,9.47753275557e+18,3.12730689388e+17
C:/Users/mqbpwbe2/Dropbox/Fieldwork/05 2017 Montserrat/2017-05-18/helitrav1/rt_so2_out (ours)/spectra/spectrum_00269.txt,269,2017-05-18,13:06:49,-0.88789760988,9.13633896395,-1.63556108928e-15,1.47478872277e-16,1.53861397378e-12,1.39575421269e-13,-4.82541439423e-10,4.40385920607e-11,5.04597487481e-08,4.63250646206e-09,-0.32380893809,0.00704910051198,0.0356491011514,0.0103011727032,3.12392008547,0.252081430929,-2.18689181313e+15,2.25028028682e+16,-1.72698925377e+17,1.08671946094e+17,9.33914479329e+18,2.8862960129e+17
C:/Users/mqbpwbe2/Dropbox/Fieldwork/05 2017 Montserrat/2017-05-18/helitrav1/rt_so2_out (ours)/spectra/spectrum_00270.txt,270,2017-05-18,13:06:50,-5.38005617017,9.69301154601,-1.60129860887e-15,1.57398298957e-16,1.50710547023e-12,1.49003870108e-13,-4.72899156301e-10,4.70266167466e-11,4.94779153439e-08,4.94824374824e-09,-0.335868887605,0.00754822479003,0.052690236338,0.0110457009884,3.4123261287,0.268225615343,-1.32510783471e+16,2.38738874378e+16,-1.59973091407e+17,1.1568830323e+17,9.49780383942e+18,3.07214909555e+17
C:/Users/mqbpwbe2/Dropbox/Fieldwork/05 2017 Montserrat/2017-05-18/helitrav1/rt_so2_out (ours)/spectra/spectrum_00271.txt,271,2017-05-18,13:06:51,-6.40630521198,9.61414630827,-1.83857391256e-15,1.65469403494e-16,1.73158207446e-12,1.56676712873e-13,-5.43687881502e-10,4.94581241028e-11,5.69191045041e-08,5.20510626601e-09,-0.327829576749,0.00737385052728,0.0442993055512,0.0107837488981,2.99960797229,0.266392107108,-1.57787297371e+16,2.36796423573e+16,-9.08746195831e+16,1.14677143653e+17,9.63723781891e+18,3.03150790777e+17
C:/Users/mqbpwbe2/Dropbox/Fieldwork/05 2017 Montserrat/2017-05-18/helitrav1/rt_so2_out (ours)/spectra/spectrum_00272.txt,272,2017-05-18,13:06:53,-6.90510565399,10.2144780233,-1.7079821088e-15,1.68504678464e-16,1.60804601239e-12,1.59553386804e-13,-5.04743277631e-10,5.03674278255e-11,5.28274430662e-08,5.30097280387e-09,-0.330503240934,0.0079103030009,0.0431984655825,0.0115661162343,3.27614565882,0.282582415384,-1.70072752258e+16,2.51582593715e+16,-2.27909295776e+17,1.21763915613e+17,9.6520475264e+18,3.21847169342e+17
C:/Users/mqbpwbe2/Dropbox/Fieldwork/05 2017 Montserrat/2017-05-18/helitrav1/rt_so2_out (ours)/spectra/spectrum_00273.txt,273,2017-05-18,13:06:54,-9.35241130057,9.66812766426,-1.7574430663e-15,1.63903373431e-16,1.65480491569e-12,1.55194357135e-13,-5.19474974696e-10,4.89905840647e-11,5.43743992371e-08,5.15596932832e-09,-0.331151160349,0.00749497750337,0.0473053158205,0.0109750838824,3.311377488,0.26771351684,-2.30349890333e+16,2.38125984371e+16,-1.44066501183e+17,1.15367517422e+17,9.6635692105e+18,3.05439015121e+17
C:/Users/mqbpwbe2/Dropbox/Fieldwork/05 2017 Montserrat/2017-05-18/helitrav1/rt_so2_out (ours)/spectra/spectrum_00274.txt,274,2017-05-18,13:06:56,-2.21171150134,9.64998952735,-1.76539899775e-15,1.60321908846e-16,1.66098144313e-12,1.51737409955e-13,-5.20983552926e-10,4.78781289729e-11,5.44854061913e-08,5.03662105099e-09,-0.324402545004,0.00748270155039,0.0376229416512,0.0109603897118,3.2833018228,0.267227054857,-5.44744542781e+15,2.37679242059e+16,-9.96026376793e+16,1.1509581453e+17,9.36743672685e+18,3.05387446031e+17
C:/Users/mqbpwbe2/Dropbox/Fieldwork/05 2017 Montserrat/2017-05-18/helitrav1/rt_so2_out (ours)/spectra/spectrum_00275.txt,275,2017-05-18,13:06:57,-10.5827166829,9.74691348882,-1.76566525628e-15,1.64668339374e-16,1.66270809465e-12,1.55933022629e-13,-5.22011241411e-10,4.92283865204e-11,5.46460630634e-08,5.181492537e-09,-0.324637867236,0.00753335858258,0.0361308211437,0.0110265227035,3.42430728357,0.269522683654,-2.60652311899e+16,2.4006647923e+16,-2.04720548215e+17,1.16119353032e+17,9.73398990985e+18,3.06871870694e+17
C:/Users/mqbpwbe2/Dropbox/Fieldwork/05 2017 Montserrat/2017-05-18/helitrav1/rt_so2_out (ours)/spectra/spectrum_00276.txt,276,2017-05-18,13:06:58,-2.60894571468,9.60662591934,-1.57926601111e-15,1.56285727463e-16,1.48589330472e-12,1.47914003202e-13,-4.66083321565e-10,4.66708049229e-11,4.87471851638e-08,4.90953056321e-09,-0.328196072699,0.00737109956282,0.0435361490607,0.0107935364853,2.93645033277,0.265966595725,-6.42583329524e+15,2.36611196393e+16,-7.73327497453e+16,1.14703306129e+17,9.33447440378e+18,3.05139767074e+17
C:/Users/mqbpwbe2/Dropbox/Fieldwork/05 2017 Montserrat/2017-05-18/helitrav1/rt_so2_out (ours)/spectra/spectrum_00277.txt,277,2017-05-18,13:07:00,-13.1448312716,9.71083469232,-1.70290592233e-15,1.60042987454e-16,1.60253909286e-12,1.51499852126e-13,-5.02774216674e-10,4.78117841997e-11,5.259506115e-08,5.03057383495e-09,-0.324358993147,0.00748283951985,0.0332737515482,0.010967419911,3.24086912804,0.268726641367,-3.23757194219e+16,2.39177858472e+16,-1.5901757365e+17,1.15757083154e+17,9.53603214606e+18,3.07248430012e+17
C:/Users/mqbpwbe2/Dropbox/Fieldwork/05 2017 Montserrat/2017-05-18/helitrav1/rt_so2_out (ours)/spectra/spectrum_00278.txt,278,2017-05-18,13:07:01,0.545968118632,9.39900037119,-1.69414332323e-15,1.53961835544e-16,1.59459653354e-12,1.45758619841e-13,-5.00382748187e-10,4.60048407972e-11,5.23558849969e-08,4.84098186552e-09,-0.32458740305,0.00727540085519,0.0344691154899,0.0106537205795,3.32010232934,0.259637617323,1.34471947619e+15,2.31497379143e+16,-2.02841793328e+17,1.11876329031e+17,9.49883427093e+18,2.96388497774e+17
C:/Users/mqbpwbe2/Dropbox/Fieldwork/05 2017 Montserrat/2017-05-18/helitrav1/rt_so2_out (ours)/spectra/spectrum_00279.txt,279,2017-05-18,13:07:02,3.47070779252,9.04121051131,-1.75711710811e-15,1.50792716934e-16,1.65304975006e-12,1.42705320256e-13,-5.18449200798e-10,4.50239468687e-11,5.42153346579e-08,4.73591010576e-09,-0.329897301234,0.00701842276228,0.0450064664346,0.0102709730582,3.30034124111,0.249666340549,8.54835329297e+15,2.22685014893e+16,-7.55976394803e+16,1.07511157685e+17,9.34228774236e+18,2.85621527529e+17
C:/Users/mqbpwbe2/Dropbox/Fieldwork/05 2017 Montserrat/2017-05-18/helitrav1/rt_so2_out (ours)/spectra/spectrum_00280.txt,280,2017-05-18,13:07:04,-3.45503181893,9.79831993019,-1.77123639327e-15,1.65738654778e-16,1.66741796002e-12,1.56899494161e-13,-5.23305670849e-10,4.95182527012e-11,5.47607325277e-08,5.21035879523e-09,-0.331822034663,0.00761274976709,0.0479245691189,0.0111442150284,3.38584632374,0.270769387041,-8.50974337002e+15,2.41332619881e+16,-7.39808740167e+16,1.16618428382e+17,9.54924816409e+18,3.09111907292e+17
